,country_id,year,gdp,population,co2,coal_co2,flaring_co2,gas_co2,methane,nitrous_oxide,oil_co2,sta
0,0,1990,4.64137E+11,17048002,278.16,141.877,7.272,34.455,146.25,78.77,88.777,0.38
1,0,1991,4.61004E+11,17271092,279.534,146.083,7.001,32.786,146.66,77.78,88.177,0.42
2,0,1992,4.77843E+11,17462500,284.529,150.049,7.304,33.97,144.88,76.89,87.849,0.03
3,0,1993,5.00841E+11,17631514,288.874,150.096,7.137,35.67,143.46,76.61,90.318,0.23
4,0,1994,5.27346E+11,17805506,293.701,151.376,6.88,37.032,144.34,76.4,91.854,0.05
5,0,1995,5.49173E+11,18003002,305.056,155.735,7.061,39.847,143.46,76.19,96.068,0.1
6,0,1996,5.74551E+11,18211850,311.94,160.388,6.761,39.781,139.43,71.89,98.664,0.38
7,0,1997,6.00621E+11,18410254,320.333,167.683,6.687,41.09,142.61,71.8,98.381,0.17
8,0,1998,6.34305E+11,18601666,334.136,177.614,6.902,43.506,145.14,75.57,99.142,0.77
9,0,1999,6.64207E+11,18800892,343.959,183.231,7.165,45.564,161.77,93.12,100.809,0.23
10,0,2000,6.91887E+11,19017968,350.008,185.797,7.953,46.61,168.15,99.53,102.65,-0.11
11,0,2001,7.13626E+11,19248146,357.783,190.082,8.172,49.326,177.94,109.89,103.174,0
12,0,2002,7.46683E+11,19475842,362.537,191.147,8.007,50.589,172.55,103.81,105.452,0.57
13,0,2003,7.73869E+11,19699004,369.442,195.386,7.158,49.717,134.52,65.23,109.673,0.57
14,0,2004,8.0942E+11,19925060,382.873,202.225,6.858,52.534,151.88,85.45,113.759,0.37
15,0,2005,8.40555E+11,20171732,386.205,200.715,6.914,54.492,133.37,62.61,116.499,0.91
16,0,2006,8.68839E+11,20467032,392.436,204.401,7.046,55.826,154.45,84.77,117.392,0.36
17,0,2007,9.13876E+11,20830832,399.676,203.559,7.504,61.064,150.36,77.99,119.464,0.55
18,0,2008,9.42109E+11,21247876,404.256,204.688,7.483,61.803,133.42,61.66,122.288,0.28
19,0,2009,9.64938E+11,21660898,407.477,206.066,7.966,63.482,138.83,66.92,122.364,0.71
20,0,2010,9.94068E+11,22019166,405.512,200.552,8.19,64.632,129.67,54.45,124.551,0.21
21,0,2011,1.02604E+12,22357032,404.257,192.141,7.874,66.868,178.12,107.79,129.801,-0.14
22,0,2012,1.06416E+12,22729272,406.58,189.154,8.287,68.09,177.6,107.45,133.681,0.06
23,0,2013,1.08711E+12,23111788,399.288,176.363,8.846,69.87,142.24,64.52,137.311,1.07
24,0,2014,1.11747E+12,23469578,393.049,168.146,9.273,70.772,155.18,76.54,137.684,0.83
25,0,2015,1.14539E+12,23820240,401.378,174.205,10.828,71.501,151.88,72.58,137.711,0.78
26,0,2016,1.17648E+12,24195706,410.254,179.562,12.44,73.936,135.53,58.32,137.44,0.87
27,0,2017,1.20534E+12,24590336,413.655,176.932,14.861,75.431,158.05,80.09,139.481,0.74
28,1,1990,2.07979E+11,7678732,62.167,18.139,0.102,11.836,11.85,4.98,28.9,0.74
29,1,1991,2.15993E+11,7755640,65.766,18.7,0.111,12.502,11.85,5.01,31.407,0
30,1,1992,2.21401E+11,7840816,60.266,14.385,0.12,12.518,11.65,4.79,30.152,1.09
31,1,1993,2.23463E+11,7905280,60.692,13.274,0.112,13.023,11.33,4.73,31.266,0.51
32,1,1994,2.29749E+11,7935366,61.067,13.459,0.128,13.658,10.93,4.68,30.716,1.69
33,1,1995,2.36824E+11,7947293,64.044,15.425,0.127,14.901,10.45,4.67,30.854,0.46
34,1,1996,2.43481E+11,7958043,67.389,15.069,0.071,15.797,10.27,4.72,33.778,-0.34
35,1,1997,2.49847E+11,7967086,67.285,16.157,0.121,15.301,9.95,4.73,32.853,0.79
36,1,1998,2.59776E+11,7975856,66.92,13.707,0.142,15.718,9.67,4.71,34.66,0.85
37,1,1999,2.70186E+11,7991382,65.671,13.876,0.171,16.102,9.54,4.7,32.833,0.86
38,1,2000,2.8041E+11,8010425,66.172,15.751,0.165,15.264,9.28,4.69,32.161,1.55
39,1,2001,2.85336E+11,8039633,70.171,16.562,0.183,16.156,9.17,4.54,34.409,0.88
40,1,2002,2.91225E+11,8078994,71.975,16.736,0.167,16.07,9.05,4.63,36.056,1.54
41,1,2003,2.94604E+11,8120105,77.402,17.941,0.184,17.267,8.9,4.46,39.081,1.25
42,1,2004,3.03786E+11,8171215,77.699,17.766,0.165,17.662,8.81,3.98,39.1,0.64
43,1,2005,3.11538E+11,8227034,79.097,17.862,0.16,18.701,8.63,3.97,39.394,0.27
44,1,2006,3.23264E+11,8267771,76.817,17.867,0.18,17.498,8.49,4.01,38.134,1.02
45,1,2007,3.36316E+11,8294720,74.118,17.456,0.185,16.496,8.33,4.01,36.624,1.68
46,1,2008,3.42891E+11,8321134,73.495,17.028,0.162,17.436,8.25,4.33,35.481,1.37
47,1,2009,3.31192E+11,8342939,67.315,12.832,0.205,17.036,8.07,3.83,34.415,1.1
48,1,2010,3.38927E+11,8362829,72.017,15.499,0.184,18.778,8.11,3.82,34.796,0.14
49,1,2011,3.49843E+11,8391201,69.909,15.818,0.18,17.73,7.92,3.98,33.283,1.54
50,1,2012,3.52451E+11,8429641,67.283,14.685,0.184,16.945,7.77,3.79,32.641,1.27
51,1,2013,3.52914E+11,8479542,67.776,14.959,0.191,16.332,7.63,3.88,33.459,0.93
52,1,2016,3.64218E+11,8736491,67.227,13.334,0.131,16.737,7.31,4,34.108,1.48
53,1,2017,3.73238E+11,8797497,69.609,14.023,0.138,17.975,7.27,3.92,34.545,1.83
54,2,1990,1.16975E+11,10428527,108.345,10.192,0.007,26.589,20.55,21.66,66.944,1.71
55,2,1991,1.14005E+11,10457619,104.072,9.872,0.007,25.384,20.13,20.46,64.549,0.71
56,2,1992,1.01881E+11,10475912,93.483,8.734,0.007,33.09,18.01,16.33,47.716,1.08
57,2,1993,93050200064,10480485,80.562,7.663,0.007,30.05,17.1,16.01,39.451,-0.07
58,2,1994,81212694528,10475397,67.879,6.312,0.007,26.765,16.26,15.3,32.582,0.79
59,2,1995,71373348864,10461694,60.906,5.889,0.006,24.34,15.44,15.25,28.607,0.91
60,2,1996,72504139776,10436455,61.735,5.843,0.006,26.23,15.19,15.29,27.511,-0.44
61,2,1997,79868108800,10400926,61.588,5.03,0.006,30.213,14.97,15.34,23.729,0.2
62,2,1998,85602467840,10357472,60.073,4.777,0.006,29.595,14.91,15.27,23.02,0.44
63,2,1999,87455039488,10308281,57.966,4.112,0.006,30.693,14.75,15.28,20.823,1.63
64,2,2000,91419115520,10256489,54.906,4.198,0.006,31.337,14.34,15.06,17.209,1.81
65,2,2001,94624129024,10201212,54.003,3.735,0.006,31.648,14.1,15.06,16.439,0.96
66,2,2002,98263244800,10135391,53.844,3.227,0.006,31.999,13.95,14.78,16.129,1.64
67,2,2003,1.03938E+11,10065881,55.088,3.142,0.006,33.6,14.01,15,15.545,0.54
68,2,2004,1.14486E+11,9999713,58.254,2.97,0.007,36.354,14.4,15.18,15.873,0.73
69,2,2005,1.23858E+11,9935166,59.31,2.963,0.007,36.976,14.16,15.54,15.957,0.79
70,2,2006,1.34674E+11,9874700,61.744,2.892,0.007,37.419,14.57,16.05,17.94,0.9
71,2,2007,1.44616E+11,9825990,60.218,2.793,0.007,37.868,14.95,15.87,16.007,1.89
72,2,2009,1.5601E+11,9757710,60.578,2.677,0.006,31.82,15.84,16.54,22.486,1.19
73,2,2010,1.6624E+11,9731426,62.445,2.901,0.006,39.553,16.3,16.43,16.326,0.88
74,2,2011,1.73125E+11,9706983,61.308,2.975,0.006,37.378,15.99,16.93,17.421,1.39
75,2,2012,1.76015E+11,9693754,62.545,5.004,0.006,36.817,16.27,16.81,17.089,0.77
76,2,2013,1.77742E+11,9691143,64.126,4.838,0.006,36.9,16.92,16.56,18.704,1.46
77,2,2014,1.80853E+11,9693741,63.649,4.634,0.006,36.594,17.02,16.17,18.384,1.73
78,2,2016,1.68716E+11,9708111,58.134,3.692,0.006,33.885,16.81,15.23,17.313,1.77
79,2,2017,1.72988E+11,9707874,59.382,3.882,0.006,34.769,17.01,15.63,17.345,1.3
80,3,1990,2.73279E+11,9959565,120.293,41.394,0.085,19.846,13.26,8.19,53.486,1.24
81,3,1991,2.78662E+11,9987072,123.363,40.122,0.084,21.617,13.35,8.12,56.181,0.18
82,3,1992,2.83324E+11,10016455,122.488,38.118,0.084,22.204,13.16,7.74,56.616,0.82
83,3,1993,2.8098E+11,10043738,121.424,36.562,0.084,23.212,12.97,7.96,56.112,0.25
84,3,1994,2.9044E+11,10069182,124.797,38.013,0.084,23.696,13.01,8.47,57.37,1.31
85,3,1995,2.97777E+11,10095204,125.936,36.955,0.084,26.305,13.13,8.84,56.739,0.98
86,3,1996,3.02933E+11,10123230,129.479,34.203,0.093,29.213,13.01,9.34,60.542,-0.45
87,3,1997,3.14603E+11,10154876,123.991,31.916,0.093,27.74,12.82,9.03,58.612,0.95
88,3,1998,3.21261E+11,10188541,130.223,33.214,0.1,30.866,12.55,9.13,60.337,0.81
89,3,1999,3.33156E+11,10224223,124.681,28.931,0.11,32.97,12.61,9.06,57.004,1.25
90,3,2000,3.45737E+11,10264351,126.722,31.672,0.165,33.199,12.14,7.69,55.732,1.31
91,3,2001,3.49022E+11,10309249,126.066,28.29,0.148,32.937,11.63,7.48,59.054,0.89
92,3,2002,3.5572E+11,10355569,126.863,28.637,0.153,33.256,11.08,7.97,59.079,1.42
93,3,2003,3.58964E+11,10402550,128.248,27.766,0.111,34.992,10.4,7.21,59.783,1.38
94,3,2004,3.72527E+11,10456164,128.771,28.252,0.102,34.983,10.26,7.29,59.75,0.91
95,3,2005,3.8085E+11,10516979,125.628,26.196,0.104,35.641,9.99,7.17,58.073,0.9
96,3,2006,3.90898E+11,10582970,123.873,25.337,0.131,35.388,9.83,6.16,57.103,1.43
97,3,2007,4.04736E+11,10653698,120.463,23.158,0.115,35.637,9.65,5.53,55.772,1.5
98,3,2008,4.08315E+11,10726720,120.17,23.259,0.117,35.69,9.45,5.49,55.349,1
99,3,2009,3.99533E+11,10801357,107.765,15.162,0.117,36.482,9.36,5.69,51.247,1.09
100,3,2010,4.12204E+11,10877948,114.604,17.526,0.103,40.349,9.24,6.21,51.863,-0.12
101,3,2011,4.20971E+11,10955742,105.069,16.689,0.093,34.579,8.99,4.95,48.646,1.53
102,3,2012,4.21101E+11,11031140,102.405,15.078,0.093,34.918,8.83,4.96,47.557,0.86
103,3,2013,4.21204E+11,11103260,102.715,15.332,0.094,35.279,8.61,4.85,47.362,0.35
104,3,2015,4.34919E+11,11248306,101.146,14.436,0.088,33.815,8.53,4.79,48.282,1.54
105,3,2016,4.39359E+11,11316837,99.623,13.541,0.078,34.369,8.45,4.63,47.116,1.31
106,3,2017,4.47724E+11,11384491,99.055,13.307,0.099,35.023,8.16,4.59,46.262,1.85
107,4,1990,1.18548E+12,150706448,218.658,37.095,7.554,7.484,291.05,111.7,151.775,0.17
108,4,1991,1.21267E+12,153336448,229.394,42.466,7.361,7.336,300.15,115.63,156.7,0.19
109,4,1992,1.22099E+12,155900784,233.601,41.203,7.445,7.983,305.53,117.29,163.252,0.01
110,4,1993,1.29691E+12,158440864,244.306,42.343,7.576,8.73,306.67,120.07,171.252,0.23
111,4,1994,1.38994E+12,160980480,254.002,43.667,8.004,8.985,313.05,123.53,179.162,0.28
112,4,1995,1.46646E+12,163515328,268.678,45.582,7.514,9.603,319.19,125.48,190.347,0.53
113,4,1996,1.51746E+12,166037120,289.311,46.468,7.821,10.608,311.52,116.09,206.281,0.23
114,4,1997,1.58846E+12,168546704,306.949,47.044,8.604,11.863,320.61,120.11,219.833,0.44
115,4,1998,1.61366E+12,171039808,317.359,45.591,9.463,12.411,337.42,130.37,229.578,0.98
116,4,1999,1.64135E+12,173486272,327.256,46.805,10.123,14.069,338.43,129.16,235.468,0.34
117,4,2000,1.73449E+12,175873712,340.183,50.46,10.737,18.442,333.94,124.64,239.488,0.35
118,4,2001,1.78038E+12,178211888,346.166,49.427,11.721,23.186,347.57,132.72,241.795,0.73
119,4,2002,1.8576E+12,180476688,347.765,48.689,11.218,29.293,371.36,147.54,239.219,0.95
120,4,2003,1.90206E+12,182629280,344.645,51.933,11.199,30.919,387.02,152.26,232.434,0.7
121,4,2004,2.03657E+12,184722048,361.434,53.833,10.84,38.215,404.45,163.67,239.768,0.62
122,4,2005,2.12788E+12,186797344,364.371,50.948,13.877,39.619,414.53,164.57,240.221,0.94
123,4,2006,2.23975E+12,188820688,368.871,50.838,12.882,42.053,407.21,157.26,242.249,0.65
124,4,2007,2.4051E+12,190779456,390.573,54.989,13.469,43.246,414.45,169.83,256.003,0.76
125,4,2008,2.55901E+12,192672320,412.638,55.315,14.207,51.303,407.24,155.85,267.239,0.52
126,4,2009,2.58748E+12,194517552,389.775,43.586,18.434,40.959,409.16,150.05,262.705,0.75
127,4,2010,2.81671E+12,196353504,440.269,56.688,15.214,55.049,438.27,177.4,286.08,0.92
128,4,2011,2.96507E+12,198185296,462.58,62.292,14.12,53.101,429.81,168,303.885,0.52
129,4,2012,3.02203E+12,199977712,498.309,61.016,14.761,63.397,434.35,171.55,327.734,0.73
130,4,2013,3.11291E+12,201721776,532.418,65.604,16.634,74.704,428.42,168.6,342.338,0.57
131,4,2014,3.12857E+12,203459648,557.901,69.034,17.642,81.286,436.81,177.2,356.753,0.77
132,4,2015,3.27071E+12,205188208,529.353,69.452,17.604,80.465,446.49,177.68,330.359,1.16
133,4,2016,2.88904E+12,206859584,492.748,63.831,17.505,69.666,447.89,176.2,312.939,1
134,4,2017,2.927E+12,208504960,497.121,66.689,17.505,70.186,448.99,187.82,316.132,0.73
135,5,1990,79352520704,8767778,76.638,34.726,0.125,12.102,16.37,8.33,26.379,0.61
136,5,1991,73266159616,8721659,61.456,31.781,0.09,10.142,15.35,7.13,17.35,-0.54
137,5,1992,68357816320,8668545,57.306,31.44,0.138,8.871,14.81,5.32,15.082,0.16
138,5,1993,68791803904,8611541,58.364,33.046,0.161,8.147,13.52,4.61,15.212,-0.11
139,5,1994,70739017728,8548469,56.367,31.38,0.155,8.113,11.72,4.65,14.596,1.26
140,5,1995,73463005184,8477584,57.909,31.313,0.167,9.974,12.01,4.42,13.698,0.23
141,5,1996,67407642624,8401382,58.46,31.47,0.16,10.196,12.07,4.51,13.917,-0.34
142,5,1997,67221577728,8318965,55.809,34.015,0.145,8.228,11.57,4.23,11.278,-0.57
143,5,1998,70098747392,8234934,53.115,32.119,0.129,7.15,11.07,3.66,12.142,0.45
144,5,1999,66353733632,8162298,46.318,26.603,0.127,6.153,10.66,3.41,11.961,0.91
145,5,2000,70102818816,8097694,45.413,26.381,0.124,6.67,10.6,3.81,10.583,1.09
146,5,2001,72164990976,8034863,48.922,30.066,0.125,6.18,9.97,4,10.87,0.83
147,5,2002,75728076800,7974804,46.099,27.825,0.121,5.549,9.44,4.42,10.859,0.89
148,5,2003,79961358336,7917745,50.474,31.196,0.116,5.796,9.84,4.53,11.583,0.18
149,5,2004,85445484544,7865314,49.526,29.945,0.119,5.812,9.33,4.42,11.636,0.41
150,5,2005,91870126080,7815221,50.598,29.49,0.124,6.567,8.91,4.04,12.196,0.02
151,5,2006,98526781440,7766040,51.837,29.995,0.129,6.726,8.52,3.31,12.633,0.27
152,5,2007,1.06111E+11,7719035,55.684,33.367,0.14,6.889,8.6,3.68,12.44,1.34
153,5,2008,1.12833E+11,7674912,54.022,32.491,0.152,6.717,8.32,3.89,11.824,1.22
154,5,2009,1.09082E+11,7634737,45.76,27.278,0.327,5.052,7.97,3.87,11.333,1.11
155,5,2010,1.10805E+11,7592271,47.808,29.298,0.374,5.371,7.82,3.81,10.929,0.98
156,5,2011,1.13286E+11,7543128,53.125,34.485,0.394,6.148,8.07,4.45,10.12,0.18
157,5,2012,1.13318E+11,7488347,48.29,29.417,0.383,5.759,7.78,3.53,10.651,1.31
158,5,2013,1.14286E+11,7431169,42.587,25.001,0.412,5.608,7.52,3.86,9.6,1.27
159,5,2014,1.15783E+11,7372142,45.162,26.583,0.384,5.589,7.5,3.94,10.576,1.14
160,5,2015,1.19894E+11,7309255,48.121,27.68,0.6,5.931,7.42,4.11,11.499,1.23
161,5,2016,1.23885E+11,7245982,45.337,24.155,0.813,5.938,7.12,4.32,11.898,1.23
162,5,2017,1.28229E+11,7182430,47.431,25.793,0.877,6.037,7.09,4.3,12.177,0.63
163,6,1990,8.35997E+11,27657206,458.503,99.384,11.96,125.716,69.64,43.87,212.49,-0.13
164,6,1991,8.20551E+11,28015762,450.16,104.32,12.155,125.377,70.92,43.6,200.261,0.4
165,6,1992,8.30133E+11,28347644,464.013,107.115,13.195,132.662,73.44,44.11,203.258,-0.14
166,6,1993,8.54596E+11,28668168,464.554,99.073,13.345,137.763,75.05,43.88,206.534,0.5
167,6,1994,8.9551E+11,28981190,479.033,102.727,14.634,140.978,76.78,45.93,211.67,0.42
168,6,1995,9.22093E+11,29289430,491.826,104.557,14.902,148.261,79.83,47.31,214.348,0.65
169,6,1996,9.39604E+11,29593856,508.197,106.522,16.116,155.034,84.32,51.12,221.106,-0.06
170,6,1997,9.82581E+11,29882752,522.577,113.401,16.272,153.691,83.87,47.84,229.091,0.67
171,6,1999,1.0795E+12,30399776,544.482,119.945,16.268,162.93,86.75,41.95,234.946,1.62
172,6,2000,1.13868E+12,30683316,567.096,129.62,16.248,173.423,86.25,39.41,237.197,0.7
173,6,2001,1.16207E+12,31002768,559.147,127.083,15.673,165.5,86.12,37.9,241.047,1.58
174,6,2002,1.20047E+12,31322400,564.374,124.437,16.026,171.755,87.8,39.22,242.067,0.43
175,6,2003,1.22561E+12,31619456,581.427,123.534,15.499,174.245,88.65,40.07,257.959,0.98
176,6,2004,1.26705E+12,31911670,579.689,115.875,16,170.262,91.19,42.08,266.942,0.09
177,6,2005,1.31126E+12,32215914,574.764,116.966,15.67,170.636,91.55,42.96,260.884,1.49
178,6,2007,1.3812E+12,32862458,593.755,119.147,16.083,182.186,92.57,42.96,265.759,1
179,6,2008,1.3989E+12,33218542,576.809,112.985,15.317,181.85,88.87,43.25,256.95,0.64
180,6,2009,1.36151E+12,33593920,544.14,93.593,14.378,175.259,85.85,40.14,253.289,0.93
181,6,2011,1.45558E+12,34323536,565.254,86.995,14.902,195.479,87.48,43.21,259.432,1.67
182,6,2012,1.4798E+12,34691876,565.782,81.697,15.796,198.322,88.06,45.5,260.896,1.77
183,6,2013,1.5149E+12,35063696,569.54,79.213,16.676,204.679,90.99,45.07,260.535,0.71
184,6,2014,1.5522E+12,35404616,566.353,76.836,16.902,211.232,93.38,44.52,252.967,0.74
185,6,2015,1.56517E+12,35732120,570.68,78.423,16.097,213.777,94.24,44.93,253.879,1.48
186,6,2017,1.63644E+12,36554344,566.652,72.858,14.813,214.307,100.7,44.66,255.604,1.62
187,7,1990,3.38512E+12,1153704192,2484.855,1976.684,0,29.301,764.18,296.39,330.291,0.79
188,7,1991,3.50895E+12,1170626176,2606.096,2049.92,0,30.778,773.83,303.93,356.027,0.41
189,7,1992,3.75504E+12,1183813376,2730.788,2114.715,0,30.239,779.55,309.82,385.793,0.16
190,7,1993,4.12617E+12,1195855616,2921.651,2228.745,0,35.728,788.86,301.62,428.549,0.22
191,7,1994,4.43875E+12,1207286656,3103.739,2380.586,3.737,41.568,811.27,315.16,423.712,0.77
192,7,1995,4.81E+12,1218144384,3361.637,2569.754,3.728,42.436,848.71,358.81,468.23,0.55
193,7,1996,5.12759E+12,1228298880,3508.818,2660.401,5.584,44.47,857.26,384.86,510.622,0.25
194,7,1997,5.29134E+12,1237801472,3515.594,2609.556,5.425,44.159,812.25,356.78,557.961,0.72
195,7,1998,5.3387E+12,1246836096,3364.587,2444.771,4.132,50.501,814.34,365.83,559.262,1.42
196,7,1999,5.5785E+12,1255433216,3557.275,2580.992,4.433,54.572,808.7,381.46,596.751,1.14
197,7,2000,5.95268E+12,1264099072,3649.201,2601.737,4.737,59.796,808.41,376.31,648.686,0.58
198,7,2001,6.32974E+12,1272739584,3728.513,2637.655,4.783,67.157,800.87,378.53,659.3,0.96
199,7,2002,6.81449E+12,1280926080,4103.042,3018.634,4.486,53.993,793.65,397.24,653.086,1.18
200,7,2003,7.24862E+12,1288873344,4841.119,3601.712,5.18,60.745,818.95,401.81,727.099,0.93
201,7,2004,7.83095E+12,1296816768,5217.351,3835.288,5.192,71.521,865.02,417.61,839.093,1.19
202,7,2005,8.60294E+12,1304887552,5882.143,4424.39,5.588,84.957,902.04,427.86,850.173,0.83
203,7,2006,9.48954E+12,1313086592,6494.338,4905.374,5.534,103.753,940.51,440.71,898.534,1.38
204,7,2007,1.03582E+13,1321513216,6983.577,5289.904,4.965,129.515,970.03,449.65,927.351,1.66
205,7,2008,1.07991E+13,1330167168,7501.498,5729.474,4.666,149.674,988.56,465.49,970.117,1.1
206,7,2009,1.15725E+13,1339125632,7891.089,6028.5,4.557,164.404,1017.72,476.38,982.348,1.22
207,7,2010,1.28588E+13,1348191360,8620.627,6568.793,3.974,199.585,1066.02,488.82,1092.572,0.99
208,7,2011,1.36732E+13,1357095424,9532.409,7309.786,3.853,245.99,1112.8,497.79,1123.859,0.82
209,7,2012,1.43581E+13,1366560768,9779.354,7464.806,3.733,277.599,1113.26,509.82,1176.712,0.53
210,7,2013,1.53044E+13,1376100352,9956.376,7493.454,3.632,320.127,1136.23,523.04,1234.622,1.26
211,7,2014,1.62209E+13,1385189632,9998.674,7425.067,3.93,370.222,1149.47,534.71,1255.605,1.15
212,7,2015,1.67109E+13,1393715456,9866.951,7266.979,3.901,380.052,1147.67,549.87,1328.805,1.47
213,7,2016,1.72555E+13,1401889664,9765.029,7071.404,3.09,421.726,1107.28,551.99,1357.838,0.96
214,7,2017,1.75751E+13,1410275968,10011.151,7163.318,2.969,486.359,1116.91,549.27,1430.587,1.51
215,8,1990,58374078464,4873705,22.975,2.982,0.583,4.873,4.05,2.94,13.239,0.66
216,8,1991,45560401920,4844526,16.985,1.911,0.577,4.082,3.98,2.66,9.554,-0.17
217,8,1992,40296484864,4798318,16.369,1.492,0.588,4.312,3.72,2.77,9.047,0.82
218,8,1993,37941878784,4792409,16.806,1.209,0.786,4.732,3.67,2.3,9.284,0.39
219,8,1994,41058422784,4819431,16.05,0.804,0.705,4.392,3.53,2.34,9.195,1.34
220,8,1995,44384567296,4807100,16.816,0.858,0.836,3.844,3.44,2.28,10.539,0.24
221,8,1996,47434641408,4758624,17.344,0.682,0.81,4.313,3.39,2.27,10.712,-0.32
222,8,1997,51344322560,4711373,18.557,1.069,0.762,4.546,3.37,2.64,11.23,0.45
223,8,1998,53359112192,4659937,19.011,1.018,0.677,4.301,3.37,2.15,12,0.66
224,8,1999,53571235840,4605329,20.022,0.891,0.662,4.471,3.38,2.24,12.73,0.73
225,8,2000,54951510016,4548438,19.66,1.795,0.711,4.562,3.31,2.39,11.165,1.41
226,8,2001,56076091392,4506760,20.782,1.907,0.762,4.851,3.38,2.21,11.618,0.79
227,8,2002,59660337152,4482874,21.887,2.318,0.776,5.025,3.4,2.41,12.122,1.21
228,8,2003,63955259392,4461141,23.213,2.6,0.729,4.905,3.51,2.31,13.328,1.12
229,8,2004,67606573056,4443351,22.885,2.77,0.778,5.256,3.65,2.64,12.333,0.66
230,8,2005,71536394240,4429687,23.34,2.747,0.757,5.116,3.63,2.49,12.895,0.25
231,8,2006,76142043136,4417562,23.547,2.555,0.766,5.06,3.75,2.92,13.21,0.85
232,8,2007,81332862976,4405542,24.86,2.777,0.728,5.871,3.79,3.08,13.501,1.4
233,8,2008,84280721408,4393666,23.594,2.849,0.637,5.693,3.77,3.42,12.526,1.18
234,8,2009,79251070976,4382142,21.805,2.029,0.574,5.256,3.82,2.24,12.479,0.97
235,8,2010,79107170304,4368680,21.018,2.738,0.542,5.712,3.8,2.51,10.601,0.28
236,8,2011,80079052800,4351838,20.65,2.794,0.559,5.564,3.82,2.64,10.456,1.32
237,8,2012,78321270784,4331592,19.081,2.484,0.473,5.195,3.75,2.33,9.742,1.41
238,8,2013,77479518208,4308854,18.432,2.678,0.453,4.912,3.65,1.73,9.104,1.04
239,8,2014,77088243712,4283968,17.682,2.57,0.441,4.305,3.64,1.7,8.992,1.8
240,8,2015,78221434880,4254821,17.825,2.376,0.25,4.461,3.74,1.84,9.419,1.8
241,8,2016,80230187008,4223748,18.109,2.561,0.237,4.729,3.75,1.61,9.369,1.3
242,8,2017,82748776448,4192468,18.744,1.551,0.312,5.432,3.77,1.75,10.012,1.53
243,9,1990,10601790464,788501,4.645,0.232,0,0.002,0.53,0.32,3.694,-0.03
244,9,1991,10779906048,799067,5.133,0.232,0,0.001,0.54,0.32,4.224,-0.14
245,9,1992,11898679296,810435,5.506,0.062,0,0.002,0.55,0.37,4.715,-0.8
246,9,1993,12093020160,825993,5.749,0.074,0,0.002,0.56,0.37,4.878,-0.24
247,9,1994,12925316096,844452,5.991,0.065,0,0.002,0.58,0.37,5.098,0.49
248,9,1995,14339872768,862419,5.862,0.048,0,0.002,0.59,0.37,5.018,-0.01
249,9,1996,14666458112,880064,6.212,0.043,0,0.001,0.6,0.38,5.315,0.36
250,9,1997,15182803968,897476,6.298,0.045,0,0.001,0.61,0.36,5.433,-0.08
251,9,1998,16126405632,914667,6.592,0.062,0,0.001,0.62,0.37,5.753,0.77
252,9,1999,17062067200,931612,6.859,0.072,0,0.001,0.62,0.37,6.004,1.05
253,9,2000,18206158848,948238,7.105,0.117,0,0.002,0.64,0.36,6.183,0.48
254,9,2001,19037272064,964838,6.978,0.127,0,0,0.66,0.38,6.065,1.19
255,9,2002,19867287552,982202,7.169,0.127,0,0,0.68,0.4,6.223,0.71
256,9,2003,20548239360,1000355,7.56,0.127,0,0.001,0.67,0.4,6.611,0.75
257,9,2004,21687285760,1018688,7.789,0.137,0,0.001,0.67,0.39,6.765,0.56
258,9,2005,22703857664,1037070,7.957,0.152,0,0.001,0.67,0.36,6.944,0.56
259,9,2006,23948568576,1055445,8.185,0.151,0,0.001,0.67,0.36,7.131,0.53
260,9,2007,25336385536,1073875,8.503,0.119,0,0.001,0.67,0.37,7.486,0.91
261,9,2008,26560141312,1092402,8.716,0.111,0,0.001,0.68,0.36,7.704,0.96
262,9,2009,26331576320,1110979,8.47,0.059,0,0.001,0.68,0.38,7.683,0.98
263,9,2011,27264894976,1145090,7.788,0.031,0,0.001,0.69,0.38,7.184,0.63
264,9,2012,26403463168,1156556,7.263,0.001,0,0.001,0.69,0.38,6.733,1.12
265,9,2013,24831176704,1166972,6.583,0.001,0,0.001,0.69,0.34,5.815,1.08
266,9,2014,24451190784,1176997,6.951,0.009,0,0,0.7,0.34,5.955,1.49
267,9,2015,24862126080,1187286,6.972,0.015,0,0,0.71,0.35,6.068,0.84
268,9,2016,25590757376,1197889,7.374,0.002,0,0,0.73,0.35,6.475,1.37
269,9,2017,26706794496,1208527,7.504,0.012,0,0,0.74,0.36,6.553,0.79
270,10,1990,1.46168E+11,10301190,164.25,123.419,0.458,12.564,23.66,8.05,22.489,1.12
271,10,1991,1.30869E+11,10303359,148.883,112.711,0.398,12.294,22.16,6.14,19.785,0.04
272,10,1992,1.31887E+11,10310956,145.706,105.791,0.396,14.721,20.66,5.97,21.177,1.19
273,10,1993,1.33712E+11,10318915,140.124,100.747,0.378,15.317,19.72,5.39,20.378,0.3
274,10,1994,1.39363E+11,10321309,132.668,94.922,0.368,14.225,18.52,5.57,19.795,1.44
275,10,1995,1.49916E+11,10311702,131.622,94.834,0.362,15.63,17.99,5.54,17.661,0.57
276,10,1996,1.58347E+11,10295653,135.019,95.219,0.35,18.041,17.76,5.77,18.043,-0.79
277,10,1997,1.59287E+11,10279042,130.942,90.923,0.356,18.435,17.4,5.52,17.695,0.52
278,10,1998,1.60811E+11,10263837,125.609,83.666,0.34,18.424,16.71,5.43,19.486,0.81
279,10,1999,1.65214E+11,10249145,116.672,75.616,0.314,18.475,15.86,5.15,18.623,1.08
280,10,2000,1.74508E+11,10234712,127.236,86.836,0.322,18.134,14.98,5.56,18.192,1.76
281,10,2001,1.82135E+11,10230273,127.144,84.798,0.332,19.3,14.68,5.9,19.283,0.76
282,10,2002,1.87506E+11,10238170,123.97,82.676,0.334,18.539,14.14,4.92,19.253,1.44
283,10,2003,1.96739E+11,10248039,127.572,83.968,0.323,18.974,14.07,5,21.059,1.03
284,10,2004,2.09118E+11,10261003,128.292,83.408,0.314,19.12,13.65,5.21,22.039,0.65
285,10,2005,2.25438E+11,10280122,125.691,80.604,0.314,18.759,14.04,5.12,22.6,0.55
286,10,2006,2.44024E+11,10304822,126.555,81.885,0.336,18.415,14.29,4.99,22.392,1.15
287,10,2007,2.6081E+11,10337831,128.382,83.628,0.303,17.459,13.82,5.01,23.081,1.75
288,10,2008,2.71304E+11,10378586,122.951,78.66,0.298,17.298,13.92,4.93,22.922,1.58
289,10,2009,2.61474E+11,10421515,114.999,73.287,0.259,16.315,13.59,4.71,21.995,1.11
290,10,2010,2.70895E+11,10464750,117.491,74.554,0.27,18.398,13.82,4.58,21.155,-0.05
291,10,2011,2.79861E+11,10496379,115.202,73.749,0.266,16.825,13.77,4.74,20.921,1.31
292,10,2012,2.77621E+11,10511065,111.298,70.768,0.271,16.624,13.62,5.16,20.422,1.12
293,10,2013,2.76286E+11,10514547,106.733,66.87,0.205,16.826,12.82,5.01,19.777,0.88
294,10,2015,2.9665E+11,10523801,105.022,64.322,0.196,15.909,12.76,5.58,21.34,1.93
295,10,2016,3.03851E+11,10527584,106.681,64.728,0.164,17.008,12.47,5.6,21.385,1.48
296,10,2017,3.17076E+11,10531315,107.777,64.307,0.132,17.713,12.49,5.3,22.161,1.43
297,11,1990,1.51206E+11,5144626,53.477,24.005,0.341,4.35,9.63,7.48,23.187,-0.2
298,11,1991,1.54194E+11,5158325,64.105,32.57,0.65,4.917,9.9,7.36,24.287,0.57
299,11,1992,1.58108E+11,5175466,58.327,27.133,0.677,5.167,9.95,6.89,23.621,-0.72
300,11,1993,1.5903E+11,5193776,60.574,28.451,0.582,5.851,10.13,6.93,23.998,-0.26
301,11,1994,1.68469E+11,5213801,64.673,30.578,0.575,6.546,10.01,6.83,25.165,-0.33
302,11,1995,1.74566E+11,5235205,61.653,25.6,0.454,7.574,9.96,6.83,26.024,-0.15
303,11,1996,1.80658E+11,5256002,74.9,35.137,0.498,8.909,10.09,6.78,28.364,0.79
304,11,1997,1.87613E+11,5277385,65.438,26.15,0.698,9.375,10.19,6.77,27.143,0.22
305,11,1998,1.92868E+11,5298991,61.238,22.219,0.523,10.186,10.17,6.59,26.393,0.61
306,11,1999,1.99693E+11,5319856,58.653,18.672,1.107,10.711,10.25,6.63,26.258,0.76
307,11,2000,2.08359E+11,5340662,54.307,15.657,0.723,10.64,10.56,6.62,25.366,1.07
308,11,2001,2.11275E+11,5360753,55.897,16.558,0.771,11.105,10.74,6.45,25.608,1.41
309,11,2002,2.13475E+11,5378700,55.554,16.537,0.675,11.096,10.62,6.28,25.32,1.18
310,11,2004,2.22551E+11,5415583,55.1,17.281,0.752,11.154,10.53,5.73,24.072,1.65
311,11,2005,2.29051E+11,5436314,51.535,14.602,0.548,10.69,10.41,5.62,23.886,1.73
312,11,2006,2.39379E+11,5457863,59.5,22.006,0.544,10.882,10.17,5.56,24.231,1.11
313,11,2007,2.42933E+11,5479722,54.709,18.422,0.544,9.738,9.99,5.53,24.169,1.19
314,11,2008,2.43074E+11,5502752,51.256,16.134,0.387,9.826,9.69,5.55,23.317,1.33
315,11,2011,2.42738E+11,5576016,44.237,12.915,0.252,8.972,9.06,5.15,20.915,0.29
316,11,2013,2.45559E+11,5625393,41.763,12.755,0.244,7.929,8.62,5.1,19.574,1.02
317,11,2015,2.53683E+11,5677795,35.111,7.242,0.247,6.905,8.43,5.44,19.471,1.49
318,11,2017,2.62051E+11,5737286,34.665,6.253,0.242,6.676,8.29,5.53,19.918,1.73
319,12,1990,27066095616,1570676,36.92,24.435,0,2.717,2.28,2.31,9.142,1.4
320,12,1991,23969413120,1565621,34.147,22.547,0,2.754,2.26,2.18,8.213,0.96
321,12,1992,20260763648,1540386,24.421,17.796,0,1.605,2.3,1.87,4.637,1.11
322,12,1993,18240808960,1504446,19.439,13.589,0,0.802,2.08,1.72,4.799,0.05
323,12,1994,17654292480,1475730,20.045,14.118,0,1.118,1.79,1.6,4.46,0.18
324,12,1995,18507421696,1452777,18.061,12.916,0,1.284,1.72,1.54,3.494,0.78
325,12,1996,19179796480,1434670,19.043,13.451,0,1.42,1.66,1.51,3.791,-0.54
326,12,1997,21099665408,1421491,18.683,13.191,0,1.391,1.62,1.51,3.681,0.52
327,12,1998,21616367616,1411151,16.941,11.5,0,1.332,1.56,1.55,3.647,0.21
328,12,1999,21088651264,1403494,15.938,10.921,0,1.278,1.52,1.56,3.325,1.36
329,12,2000,22945026048,1396881,15.482,10.851,0,1.483,1.46,1.59,2.729,1.58
330,12,2001,24006164480,1388000,15.882,10.679,0,1.593,1.44,1.57,3.182,1.02
331,12,2002,25057701888,1379241,15.37,10.382,0,1.347,1.44,1.57,3.232,1.21
332,12,2003,26485059584,1370663,17.264,12.172,0,1.528,1.39,1.61,3.174,0.53
333,12,2004,27701385216,1362489,17.327,12.012,0,1.727,1.41,1.63,3.173,0.77
334,12,2005,29813616640,1354665,17.097,11.745,0,1.727,1.34,1.62,3.204,1.06
335,12,2006,32350019584,1346711,16.445,11.047,0,1.717,1.33,1.62,3.214,1.37
336,12,2007,34297835520,1340576,19.942,14.258,0,1.711,1.32,1.67,3.322,1.62
337,12,2009,26784890880,1334557,14.417,10.022,0,1.199,1.26,1.68,2.914,0.94
338,12,2010,26952075264,1331535,18.975,14.262,0,1.301,1.28,1.72,3.064,0.26
339,12,2011,28535476224,1327435,18.956,14.181,0,1.164,1.22,1.73,3.154,1.42
340,12,2012,29763610624,1322682,17.772,12.602,0,1.254,1.22,1.76,3.239,0.72
341,12,2013,30185959424,1317985,19.66,14.532,0,1.194,1.19,1.78,3.234,1.25
342,12,2014,31037874176,1314531,18.828,14.072,0,1.008,1.18,1.8,3.276,1.58
343,12,2016,31962619904,1315928,17.489,12.763,0,0.991,1.09,1.76,3.484,1.44
344,12,2017,33800136704,1317550,18.738,13.877,0,0.912,1.1,1.8,3.558,0.99
345,13,1990,1.34055E+11,4986551,56.915,22.132,0.111,5.153,8.55,7.2,27.658,1.36
346,13,1991,1.2622E+11,5013856,55.188,21.388,0.103,5.383,8.46,6.63,26.808,0.78
347,13,1992,1.22116E+11,5042120,54.265,20.678,0.11,5.575,8.4,6.44,26.654,1.09
348,13,1993,1.2131E+11,5066609,56.314,23.401,0.157,5.822,8.37,6.54,25.605,0.26
349,13,1994,1.26179E+11,5088491,61.732,27.593,0.066,6.295,8.3,6.72,26.407,0.31
350,13,1995,1.31585E+11,5107942,58.116,24.657,0.075,6.509,8.08,6.71,25.591,0.81
351,13,1996,1.36505E+11,5124717,64.033,29.757,0.065,6.789,7.98,6.7,26.031,0.18
352,13,1997,1.45148E+11,5139944,62.696,28.497,0.103,6.646,7.86,6.75,26.015,0.7
353,13,1998,1.53138E+11,5153548,59.352,23.718,0.064,7.591,7.62,6.61,26.571,-0.27
354,13,1999,1.60062E+11,5165500,58.866,23.035,0.055,7.571,7.42,6.65,26.722,0.82
355,13,2000,1.69209E+11,5176208,57.01,21.985,0.058,7.716,7.09,6.74,25.82,1.92
356,13,2001,1.73703E+11,5188007,62.514,26.125,0.053,8.39,6.93,6.65,26.443,0.65
357,13,2002,1.7675E+11,5200588,65.041,28.305,0.062,8.34,6.68,6.73,26.805,0.81
358,13,2003,1.80408E+11,5212991,72.654,35.015,0.056,9.23,6.44,6.85,26.923,0.93
359,13,2004,1.87632E+11,5228143,68.939,31.638,0.055,8.869,6.21,6.94,26.911,1.15
360,13,2005,1.92989E+11,5246070,57.047,21.033,0.07,8.122,5.92,7.01,26.355,1.66
361,13,2006,2.00964E+11,5266249,68.371,31.584,0.058,8.687,6.01,6.9,26.451,1.5
362,13,2007,2.11541E+11,5288694,66.76,30.347,0.081,8.117,5.82,6.93,26.644,1.54
363,13,2008,2.13225E+11,5313358,58.621,23.673,0.097,8.359,5.7,7.11,24.939,1.8
364,13,2009,1.95737E+11,5338813,55.906,22.894,0.075,7.498,5.58,6.14,24.191,0.96
365,13,2010,2.01743E+11,5363279,64.081,29.141,0.096,8.273,5.68,5.71,25.126,-0.24
366,13,2012,2.04128E+11,5413865,51.146,19.592,0.102,6.461,5.47,5.64,23.668,0.46
367,13,2016,2.0464E+11,5495217,47.248,18.658,0.104,4.207,5.02,5.75,22.938,1.42
368,13,2017,2.11331E+11,5508146,44.654,17.087,0.147,3.886,4.9,5.8,22.212,0.66
369,14,1990,1.63621E+12,56412896,393.431,80.38,4.324,58.984,70.65,61.69,233.805,1.13
370,14,1991,1.65561E+12,56645216,417.775,85.957,4.423,66.655,70.56,62.15,245.466,0.1
371,14,1992,1.68286E+12,56864048,407.717,77.898,4.421,67.7,70.01,60.05,243.951,0.29
372,14,1993,1.67326E+12,57053728,388.398,63.045,4.219,67.881,70.15,60.29,240.188,0.06
373,14,1994,1.71324E+12,57230064,381.576,61.754,4.482,67.455,70.17,61.06,234.38,1.2
374,14,1995,1.74967E+12,57420356,386.457,62.893,4.362,68.613,70.66,61.88,237.056,0.91
375,14,1996,1.77469E+12,57623180,402.893,65.256,4.531,75.741,71.16,64.15,244.139,0.03
376,14,1997,1.81707E+12,57839364,395.512,61.209,4.476,75.005,70.34,63.52,241.71,1.22
377,14,1998,1.88261E+12,58080344,413.965,71.225,4.393,76.789,70.57,56.34,247.829,0.7
378,14,1999,1.95026E+12,58352208,412.37,66.294,4.084,80.607,70.68,51.62,248.092,1.04
379,14,2000,2.03195E+12,58665456,406.508,65.595,4.227,84.108,72.97,49.49,239.201,1.04
380,14,2001,2.07791E+12,59014776,411.016,56.02,4.188,88.303,73.23,50.23,249.218,0.69
381,14,2002,2.10729E+12,59372784,406.431,58.498,3.942,87.808,71.93,47.75,242.885,1.01
382,14,2003,2.13078E+12,59728260,412.457,59.119,3.903,91.503,70.79,47.62,244.742,1.47
383,14,2004,2.19657E+12,60108436,413.663,58.165,3.928,93.088,70.07,45.07,244.676,0.74
384,14,2005,2.23836E+12,60510080,416.151,62.002,3.93,94.816,69.37,43.9,241.795,0.59
385,14,2006,2.29644E+12,60919152,406.31,59.43,4.229,92.19,68.67,43.08,236.564,1.39
386,14,2007,2.35392E+12,61329380,396.198,61.307,4.525,89.04,68.87,44.16,227.299,0.81
387,14,2008,2.36154E+12,61721004,389.427,56.113,4.8,91.927,69.01,42.34,223.303,0.46
388,14,2009,2.29431E+12,62093300,370.966,45.106,4.515,90.555,67.81,40.15,219.245,0.97
389,14,2010,2.34129E+12,62444568,376.564,49.002,4.116,95.999,67.7,39.06,215.554,-0.04
390,14,2011,2.39185E+12,62775272,354.089,42.043,3.885,87.586,65.31,37.1,208.283,1.68
391,14,2012,2.3954E+12,63071412,356.445,46.709,3.312,90.408,64.75,37.7,204.385,0.89
392,14,2013,2.4157E+12,63335180,358.487,49.449,3.056,90.991,64.63,38.65,203.403,0.41
393,14,2014,2.42445E+12,63588496,327.009,39.449,2.963,76.263,63.5,38.9,197.148,1.59
394,14,2015,2.45307E+12,63809768,331.414,37.941,2.862,81.213,62.91,39.51,198.792,1.46
395,14,2016,2.47939E+12,63989320,334.005,35.853,2.873,88.856,61.99,38.02,196.002,1
396,14,2017,2.5362E+12,64144092,336.896,39.819,2.821,89.01,61.12,39.73,195.042,1.74
397,15,1990,2.01555E+12,79370192,1054.741,569.117,3.841,122.282,99.83,67.17,333.267,1.35
398,15,1991,2.14055E+12,79801984,1016.87,504.043,3.619,130.146,96.97,66.09,355.252,0.16
399,15,1992,2.20645E+12,80205024,969.474,454.311,3.54,129.37,91.52,66.11,357.921,1.11
400,15,1993,2.2101E+12,80573496,959.367,430.776,3.318,136.288,89.98,63.05,364.574,0.12
401,15,1994,2.29016E+12,80882120,943.185,418.185,3.22,142.15,88.51,66.51,353.769,1.2
402,15,1995,2.3564E+12,81123264,939.897,406.046,3.06,152.97,87.49,64.6,351.664,0.76
403,15,1996,2.40261E+12,81300864,959.653,400.612,3.213,169.956,86.23,65.81,361.019,-1.06
404,15,1997,2.47474E+12,81436096,931.487,386.864,3.239,162.878,83.26,63.29,353.047,0.68
405,15,1998,2.5524E+12,81524384,923.467,377.48,3.168,165.378,79.77,50.77,351.882,0.81
406,15,1999,2.63265E+12,81556968,895.402,360.052,3.113,165.627,77.55,47.12,340.806,1.38
407,15,2000,2.74136E+12,81551680,898.938,373.46,2.992,166.421,74.99,45.45,330.737,1.55
408,15,2001,2.81946E+12,81514568,915.242,376.52,2.97,173.8,73.32,47.11,338.856,0.81
409,15,2002,2.85146E+12,81443424,898.835,375.786,2.966,173.61,71.09,46.91,324.412,1.3
410,15,2003,2.86339E+12,81346808,899.858,379.524,3.003,174.859,68.93,46.67,319.712,1.07
411,15,2004,2.92975E+12,81266672,885.633,375.978,2.928,173.344,66.26,47.99,310.181,0.8
412,15,2005,2.98387E+12,81212168,865.471,363.226,2.954,173.416,64.63,46.24,304.012,0.94
413,15,2006,3.12939E+12,81177816,877.498,369.583,3.069,178.383,62.77,44.81,304.138,1.41
414,15,2007,3.2681E+12,81183832,850.23,379.374,2.989,174.428,61.21,48.47,269.802,1.73
415,15,2008,3.34093E+12,81217488,852.858,356.208,2.945,179.821,60.81,46.15,291.228,1.36
416,15,2009,3.18904E+12,81260624,788.286,317.893,2.575,167.4,58.9,46.35,280.159,1.03
417,15,2010,3.35679E+12,81325088,831.13,343.352,2.582,183.991,57.84,39.31,280.447,-0.36
418,15,2011,3.51913E+12,81423384,807.614,344.685,2.673,168.397,55.94,37.77,269.85,1.2
419,15,2012,3.53644E+12,81545568,812.816,349.791,2.657,168.05,55.34,37.85,270.706,0.78
420,15,2013,3.55372E+12,81680592,833.804,356.89,2.689,170.536,55.08,38.48,282.552,0.45
421,15,2015,3.67255E+12,82073232,798.085,341.028,2.374,157.466,52.53,38.5,275.835,1.57
422,15,2016,3.73542E+12,82331432,801.745,329.449,2.34,169.476,51.6,37.8,279.118,1.45
423,15,2017,3.8275E+12,82624368,785.986,310.775,2.26,171.428,51.15,36.71,279.439,1.47
424,16,1990,1.61709E+11,10302255,83.438,39.787,0.043,0.858,10.84,7.48,35.975,0.16
425,16,1991,1.68231E+11,10391552,83.408,38.404,0.043,0.833,10.73,7.25,37.432,-0.5
426,16,1992,1.70929E+11,10478389,84.976,40.495,0.036,0.413,10.81,7.13,37.255,-0.36
427,16,1993,1.69707E+11,10563442,84.285,40.164,0.029,0.318,10.91,6.68,37.043,-0.16
428,16,1994,1.74663E+11,10647420,86.43,42.134,0.026,0.2,11.12,6.81,37.368,0.45
429,16,1995,1.79928E+11,10727928,86.963,40.427,0.023,0.194,11.19,6.62,39.134,-0.01
430,16,1996,1.86745E+11,10803809,89.115,39.23,0.025,0.208,11.41,6.91,42.476,-0.34
431,16,1997,1.96869E+11,10875274,93.802,42.629,0.023,0.428,11.36,6.62,43.466,-0.24
432,16,1998,2.06381E+11,10939474,98.622,44.556,0.016,1.645,11.71,6.48,45.11,0.11
433,16,1999,2.14634E+11,10993861,97.935,43.084,0.001,2.848,11.5,6.41,44.716,0.86
434,16,2000,2.25055E+11,11038112,102.973,45.851,0.014,3.982,11.61,6.49,45.633,0.56
435,16,2001,2.36462E+11,11072182,105.362,47.02,0.01,3.923,10.81,6.19,46.86,0.8
436,16,2002,2.47946E+11,11096620,105.001,45.544,0.01,4.24,10.86,6.12,47.894,0.7
437,16,2003,2.64672E+11,11110488,109.067,45.616,0.007,4.757,10.9,6.04,51.338,0.78
438,16,2004,2.80567E+11,11115089,109.485,47.094,0.007,5.245,11.08,6.1,49.783,0.25
439,16,2005,2.84787E+11,11113450,113.889,46.604,0.006,5.385,11.07,5.88,53.968,0.28
440,16,2006,3.03593E+11,11106097,112.42,42.794,0.006,6.284,11.14,5.68,55.7,0.18
441,16,2007,3.16351E+11,11091491,114.546,45.193,0.005,7.808,11.17,5.97,54.069,0.58
442,16,2008,3.18127E+11,11073621,111.08,43.285,0.004,8.109,11.04,5.66,52.725,0.25
443,16,2009,3.07181E+11,11055503,104.32,42.243,0.004,6.623,10.7,5.42,50.128,0.52
444,16,2010,2.92967E+11,11033784,97.354,41.26,0.006,7.166,10.87,5.65,44.002,1
445,16,2011,2.68612E+11,11004730,94.505,42.08,0.005,8.811,10.73,5.44,40.501,0.81
446,16,2012,2.48993E+11,10963633,91.393,43.257,0.005,8.094,10.59,5.17,36.298,1.16
447,16,2013,2.4093E+11,10914501,81.713,37.291,0.004,7.336,10.21,4.88,32.913,0.88
448,16,2014,2.41776E+11,10862972,78.636,35.227,0.004,5.559,10.09,4.74,33.487,0.88
449,16,2015,2.41242E+11,10806644,74.928,29.949,0.004,6.035,9.93,4.57,34.984,1.01
450,16,2016,2.41654E+11,10749742,71.361,23.594,0.009,7.912,9.61,4.56,35.574,1.09
451,16,2017,2.45291E+11,10692230,74.843,26.019,0.008,9.536,9.66,4.61,35.034,0.72
452,17,1990,1.06789E+11,10375989,73.377,26.417,0.485,20.467,11.64,10.07,22.904,0.96
453,17,1991,95995723776,10374750,69.702,25.086,0.46,20.423,11.57,8.01,21.638,-0.19
454,17,1992,94900822016,10370067,62.348,20.644,0.44,17.763,10.43,5.93,21.781,1.29
455,17,1993,96248037376,10357423,63.558,20.555,0.397,19.202,9.86,6.57,21.542,0.39
456,17,1994,1.01057E+11,10342435,61.889,18.683,0.487,19.439,9.42,7.31,21.232,1.72
457,17,1995,1.04661E+11,10327171,61.601,18.389,0.264,21.046,8.8,6.55,19.834,0.57
458,17,1996,1.06794E+11,10308272,63.158,18.875,0.259,23.591,8.97,7.57,18.53,-0.66
459,17,1997,1.12579E+11,10286223,61.712,18.318,0.211,22.453,8.85,7.45,18.756,0.28
460,17,1998,1.19715E+11,10260965,61.313,17.183,0.186,22.541,8.71,7.05,19.369,0.87
461,17,1999,1.26067E+11,10230263,61.806,17.561,0.167,22.828,8.78,7.04,19.228,0.92
462,17,2001,1.4192E+11,10177955,60.109,15.9,0.144,24.715,8.66,7.9,17.311,0.77
463,17,2002,1.51325E+11,10148404,59.086,15.629,0.14,24.851,8.73,6.8,16.369,1.58
464,17,2003,1.60317E+11,10118060,61.861,16.162,0.146,27.257,8.87,6.71,16.131,1.1
465,17,2004,1.71776E+11,10094499,60.252,15.477,0.118,26.862,8.45,7.66,15.677,0.56
466,17,2005,1.82948E+11,10073533,60.401,13.598,0.113,28.071,8.38,7.37,16.481,0.26
467,17,2006,1.93865E+11,10057063,59.71,13.617,0.117,26.509,8.25,7.15,17.244,0.92
468,17,2007,1.987E+11,10041171,58.631,13.572,0.104,25.103,8.14,6.62,17.611,1.85
469,17,2008,2.04543E+11,10023508,57.326,13.064,0.18,24.617,8.04,6.1,17.317,1.76
470,17,2009,1.95012E+11,10008581,51.542,11.189,0.18,21.364,8.02,5.58,17.243,1.41
471,17,2010,2.00323E+11,9986832,52.087,11.672,0.188,22.869,7.98,5.43,16.039,0.35
472,17,2011,2.07958E+11,9953247,50.253,11.955,0.187,21.875,7.8,5.72,15.091,1.31
473,17,2012,2.04625E+11,9922133,46.819,11.456,0.15,19.572,7.66,5.59,14.406,1.54
474,17,2013,2.08959E+11,9894637,43.67,10.166,0.151,18.385,7.48,5.98,13.905,1.21
475,17,2016,2.28414E+11,9815106,47.179,9.769,0.137,19.366,7.23,6.32,16.637,1.47
476,17,2017,2.38288E+11,9788940,49.58,10.045,0.143,20.486,7.16,6.32,17.539,1.43
477,18,1990,66087473152,3485370,32.944,14.659,0,4.414,15.47,10.3,12.4,0.66
478,18,1991,67936149504,3504806,33.674,14.367,0,4.547,15.73,10.04,13.453,0.09
479,18,1992,71167893504,3528370,33.495,13.765,0,4.517,15.78,10.11,14.025,0.14
480,18,1993,73646604288,3545700,33.716,13.196,0,5.221,15.91,10.44,13.992,0.01
481,18,1994,78875959296,3559396,34.838,12.557,0,5.152,15.94,10.64,15.778,0.06
482,18,1995,87428767744,3579486,35.853,12.668,0,5.527,16,10.61,16.078,0.85
483,18,1996,96464093184,3606725,37.469,13.074,0,6.178,15.98,10.48,16.535,0.18
484,18,1997,1.08048E+11,3640157,38.805,12.21,0,6.592,15.99,10.57,18.195,0.88
485,18,1998,1.18272E+11,3678670,40.709,11.893,0,6.721,16.43,11.02,20.502,0.73
486,18,1999,1.32615E+11,3719918,42.44,10.289,0.038,7.19,16.49,10.98,23.186,0.74
487,18,2000,1.47423E+11,3768954,45.249,11.107,0,8.209,16.97,10.87,23.658,0.29
488,18,2001,1.58126E+11,3829019,47.608,11.659,0.056,8.601,17.06,10.64,24.844,0.38
489,18,2002,1.68846E+11,3894256,46.082,11.315,0,8.633,16.97,10.28,23.797,0.68
490,18,2003,1.77045E+11,3958706,45.684,10.843,0,8.84,17.54,10.33,23.272,0.78
491,18,2004,1.91105E+11,4031961,46.167,10.207,0,8.756,16.6,10.01,24.456,0.67
492,18,2005,2.04429E+11,4121220,48.156,11.16,0,8.4,16.12,9.77,25.777,0.73
493,18,2006,2.18887E+11,4234809,47.604,10.021,0,9.429,16.09,9.61,25.361,0.88
494,18,2007,2.29784E+11,4359841,47.664,9.671,0,10.208,15.43,9.44,24.828,1.07
495,18,2008,2.2224E+11,4452393,47.363,9.644,0,10.771,15.2,9.39,24.384,0.34
496,18,2009,2.14514E+11,4499797,42.179,8.605,0,10.382,14.91,9.64,21.4,0.4
497,18,2010,2.21368E+11,4524581,41.793,8.427,0,11.365,14.42,9.19,20.274,-0.26
498,18,2011,2.23964E+11,4544504,38.056,8.311,0,9.85,14.42,9.07,18.367,0.31
499,18,2012,2.21944E+11,4564550,38.227,9.622,0,9.523,14.87,9.57,17.461,0.13
500,18,2013,2.25008E+11,4588830,37.282,8.739,0,9.067,15.26,9.52,17.659,0.05
501,18,2014,2.44832E+11,4622165,36.853,8.647,0,8.796,15.62,9.58,17.368,0.68
502,18,2015,2.54793E+11,4665764,38.719,9.351,0,8.888,15.9,9.63,18.247,0.13
503,18,2016,2.68695E+11,4715791,40.37,9.205,0.001,9.911,16.55,9.85,18.85,0.43
504,18,2017,2.90582E+11,4771860,39.078,7.87,0.005,10.152,16.8,10.13,18.679,0.8
505,19,1990,1.47549E+12,56756560,438.904,69.58,4.048,88.992,48.76,26.49,255.519,0.57
506,19,1991,1.50872E+12,56794488,438.386,65.966,3.98,94.755,47.76,26.62,252.944,-0.08
507,19,1992,1.53192E+12,56833184,438.771,58.065,3.956,94.458,47.86,26.04,260.754,0.47
508,19,1993,1.52955E+12,56869456,431.176,52.079,4.18,96.872,47.61,25.83,258.907,0.45
509,19,1994,1.57341E+12,56883820,425.428,54.772,4.07,92.794,48.13,25.13,255.143,0.97
510,19,1995,1.6302E+12,56885124,449.43,58.417,4.002,102.913,48.35,25.9,263.803,0.12
511,19,1996,1.66279E+12,56898972,443.657,53.524,3.85,106.19,49.2,26.16,261.467,-0.03
512,19,1997,1.70519E+12,56925808,449.431,54.146,4.013,109.923,49.68,25.81,262.446,0.63
513,19,1998,1.7449E+12,56938736,461.647,54.867,3.887,118.555,49.4,26.21,265.187,0.52
514,19,1999,1.78453E+12,56945064,466.393,53.94,3.109,129.051,49.53,26.46,260.347,0.49
515,19,2000,1.86375E+12,56966400,470.524,56.032,3.262,134.813,50.7,26.75,255.622,0.87
516,19,2001,1.91008E+12,56994992,470.577,59.024,3.071,135.107,49.15,25.61,251.794,0.74
517,19,2002,1.92826E+12,57107576,478.002,60.016,2.843,135.865,49.97,26.37,257.674,0.73
518,19,2003,1.94475E+12,57425176,496.006,65.126,3.384,149.024,49.92,25.75,255.992,1.08
519,19,2004,1.98936E+12,57860664,501.632,72.217,2.646,154.662,49.17,27.08,248.866,0.56
520,19,2005,2.02236E+12,58199876,502.347,71.265,2.557,165.66,49.37,25.76,239.503,0.26
521,19,2006,2.07741E+12,58429904,496.934,70.787,2.591,162.585,48.8,20.73,237.558,0.87
522,19,2007,2.12282E+12,58778480,490.653,70.675,2.526,163.512,48.85,20.18,230.103,0.95
523,19,2008,2.11529E+12,59224228,479.077,68.139,2.596,167.142,48.87,18.72,219.649,0.85
524,19,2009,2.01334E+12,59562844,424.953,52.388,2.232,154.034,48.29,17.43,199,0.81
525,19,2010,2.06169E+12,59822452,436.534,58.218,2.377,164.347,48.52,16.88,194.205,0.22
526,19,2011,2.08812E+12,60025952,424.739,65.439,2.615,153,46.13,16.34,186.918,1.24
527,19,2012,2.02924E+12,60190152,404.261,66.959,2.528,147.714,46.85,16.81,173.243,1.36
528,19,2013,1.99421E+12,60312600,370.254,57.782,2.702,137.701,44.72,16.63,159.757,0.82
529,19,2014,1.99648E+12,60322792,350.127,55.837,2.501,121.589,43.72,16.26,158.481,1.22
530,19,2015,2.01211E+12,60232908,361.936,53.063,2.574,132.756,44.44,16.39,162.218,1.52
531,19,2016,2.02696E+12,60118628,358.814,48.302,2.189,140.792,44.27,16.38,156.807,1.07
532,19,2017,2.06076E+12,60004024,353.419,41.798,2.351,148.758,44.39,16.25,149.602,1.68
533,20,1990,3.69982E+12,123686320,1157.196,318.711,0.192,116.896,36.99,28.08,671.429,1.25
534,20,1991,3.8247E+12,124073992,1168.897,318.579,0.216,125.042,36.99,27.4,673.791,0.85
535,20,1992,3.85572E+12,124444696,1178.675,312.947,0.209,126.467,37.42,27.72,687.36,-0.16
536,20,1993,3.86108E+12,124779576,1171.687,318.364,0.212,129.365,37.45,27.66,672.758,-0.27
537,20,1994,3.89868E+12,125119264,1226.702,326.152,0.232,135.668,37.74,29.13,712.832,1.03
538,20,1995,4.00303E+12,125433968,1239.048,336.098,0.523,140.632,36.87,28.89,710.136,0.43
539,20,1996,4.12465E+12,125726224,1251.546,344.903,0.572,146.416,35.91,29.87,707.677,-0.46
540,20,1997,4.16654E+12,126027984,1244.251,350.437,0.582,151.051,35.29,30.36,692.814,0.31
541,20,1998,4.11701E+12,126308392,1204.403,328.065,0.5,154.585,34.07,28.87,676.905,0.45
542,20,1999,4.10403E+12,126555064,1241.036,346.075,0.541,163.835,33.78,22.68,686.478,1
543,20,2000,4.21555E+12,126803864,1263.755,372.898,0.513,168.695,33.33,25.3,677.172,0.72
544,20,2001,4.23008E+12,127065736,1249.162,381.944,0.55,167.833,32.39,22.05,655.456,-0.39
545,20,2002,4.2325E+12,127301744,1278.787,399.075,0.526,171.744,32.24,21.72,666.369,0
546,20,2003,4.2945E+12,127502352,1287.292,412.437,0.507,177.139,31.99,21.86,656.423,-0.18
547,20,2004,4.38654E+12,127671288,1282.686,420.397,0.479,176.05,31.8,22.21,645.272,0.86
548,20,2005,4.45673E+12,127798376,1290.145,430.822,0.509,174.681,31.42,21.89,642.282,0.48
549,20,2006,4.5173E+12,127902168,1267.118,427.929,0.555,191.312,31.24,21.83,605.501,0.37
550,20,2007,4.58924E+12,128006424,1302.837,445.403,0.617,207.748,31.15,21.06,608.088,1.22
551,20,2008,4.53623E+12,128077632,1232.014,426.679,0.567,203.282,30.43,20.35,563.322,0.53
552,20,2009,4.28789E+12,128117040,1163.057,411.779,0.502,201.011,29.81,20.13,516.33,0.05
553,20,2010,4.46496E+12,128105432,1214.707,446.473,0.476,212.046,29.74,20.21,522.267,0.92
554,20,2011,4.45699E+12,128007256,1264.631,430.912,0.479,246.698,29.69,19.34,552.787,0.44
555,20,2012,4.52368E+12,127853688,1305.884,450.418,0.492,255.891,29.53,19.27,564.589,0.69
556,20,2013,4.61415E+12,127678920,1315.192,481.616,0.441,255.307,29.23,19.71,541.914,0.66
557,20,2014,4.62962E+12,127476728,1264.072,473.327,0.451,257.384,28.68,19.63,497.252,0.39
558,20,2015,4.68543E+12,127250936,1223.169,466.231,0.427,245.228,27.9,19.06,476.874,0.78
559,20,2016,4.73222E+12,126993856,1202.454,456.862,0.46,250.608,27.58,19.07,460.232,0.98
560,20,2017,4.84402E+12,126662464,1186.802,458.838,0.439,244.659,27.42,19.18,447.996,0.9
561,21,1990,1.94941E+11,16866574,268.173,174.96,6.464,27.623,43.38,18.16,56.224,0.96
562,21,1991,1.7443E+11,16993796,261.066,172.459,6.677,26.353,43.62,17.34,53.053,0.87
563,21,1992,1.66044E+11,17043420,236.131,161.639,6.346,25.901,40.22,15.81,39.998,-0.07
564,21,1993,1.51573E+11,16979700,208.217,144.463,5.644,23.612,39.59,14.59,32.821,-1.1
565,21,1994,1.33222E+11,16747153,174.933,118.959,5.063,22.34,38.71,13.74,27.376,-0.17
566,21,1995,1.22951E+11,16434323,168.286,115.983,4.868,17.818,36.26,11.61,28.389,1.56
567,21,1996,1.24226E+11,16144248,154.505,104.428,5.165,15.873,34.65,10.24,27.954,-0.87
568,21,1997,1.27006E+11,15820435,146.425,95.23,5.57,14.991,34.64,8.98,29.517,1.3
569,21,1998,1.25252E+11,15474257,144.283,92.467,6.282,14.334,32.98,7.53,29.571,0.42
570,21,1999,1.29323E+11,15256256,119.265,82.604,6.002,9.787,32.85,6.96,19.008,1.14
571,21,2000,1.42758E+11,15236256,143.38,95.888,7.075,14.543,35.19,6.74,24.186,0.81
572,21,2001,1.62896E+11,15281288,138.769,94.084,7.935,11.171,36.98,7.44,23.191,0.93
573,21,2002,1.79807E+11,15338962,157.525,95.936,9.069,14.308,47.12,11.84,35.154,1.64
574,21,2003,1.97584E+11,15416709,175.855,107.128,9.93,16.178,46.47,8.65,38.996,0.41
575,21,2004,2.17713E+11,15521921,186.356,113.473,11.207,17.449,51.84,9.65,40.839,1.67
576,21,2005,2.40092E+11,15656255,200.042,114.203,11.449,18.731,54.81,10.01,51.2,1.3
577,21,2006,2.67206E+11,15822751,220.575,119.93,12.197,28.132,57.45,10.95,54.973,1.1
578,21,2007,2.92534E+11,16006138,226.745,130.464,12.391,24.152,57.67,10.07,54.883,1.66
579,21,2008,3.03796E+11,16196521,226.831,125.724,13.157,30.457,61.11,10.34,52.088,1.4
580,21,2009,3.09091E+11,16402365,224.55,136.786,13.831,30.439,62.62,9.59,38.988,0.58
581,21,2010,3.33427E+11,16627839,248.803,144.713,14.561,34.219,65.1,11.05,51.174,0.89
582,21,2011,3.60339E+11,16864920,238.988,142.33,14.732,38.639,65.45,10,38.942,0.03
583,21,2012,3.78348E+11,17102868,246.345,153.52,14.725,34.554,64.64,9.78,38.757,0.37
584,21,2013,4.01054E+11,17345734,255.165,151.774,15.637,31.292,65.1,8.89,48.945,1.93
585,21,2014,4.18303E+11,17592296,274.29,169.38,14.896,43.88,65.53,10.22,39.208,0.16
586,21,2015,4.23318E+11,17835908,278.661,162.679,14.29,52.949,63.81,10.89,40.164,1.7
587,21,2016,4.27912E+11,18078558,277.696,161.584,12.33,55.002,62.58,9.99,41.637,1.54
588,21,2017,4.45457E+11,18314822,293.476,167.008,12.323,63.068,69.99,13.37,43.554,1.39
589,22,1990,42100703232,2689398,19.663,2.812,0,5.493,4.06,2.9,10.463,1.4
590,22,1991,36517597184,2678970,17.921,2.455,0,5.455,4.07,2.74,9.294,0.96
591,22,1992,24608100352,2662885,14.195,2.163,0,3.976,4.61,2.67,7.796,1.11
592,22,1993,21636016128,2638889,11.923,1.995,0,2.594,3.99,2.33,7.271,0.05
593,22,1994,21944829952,2606464,10.371,1.521,0,1.874,2.91,1.97,6.867,0.18
594,22,1995,21646094336,2570150,9.135,1.111,0,2.297,2.64,1.73,5.599,0.78
595,22,1996,21989048320,2534288,9.213,1.04,0,1.977,2.6,1.75,6.057,-0.54
596,22,1997,23781386240,2498881,8.681,0.941,0,2.417,2.5,1.76,5.183,0.52
597,22,1998,25140078592,2462333,8.307,0.703,0,2.37,2.41,1.81,5.092,0.21
598,22,1999,25600796672,2426357,7.719,0.539,0,2.264,2.3,1.8,4.74,1.36
599,22,2000,26780788736,2392536,7.083,0.57,0,2.504,2.17,1.78,3.881,1.58
600,22,2001,28293371904,2359255,7.497,0.526,0,2.906,2.2,1.81,3.921,1.02
601,22,2002,30072958976,2326150,7.521,0.436,0,2.979,2.24,1.81,3.937,1.21
602,22,2003,32361883648,2294342,7.727,0.388,0,3.092,2.19,1.89,4.059,0.53
603,22,2004,34792599552,2263453,7.732,0.322,0,3.072,2.13,1.88,4.163,0.77
604,22,2005,38221836288,2233165,7.812,0.362,0,3.152,2.15,1.93,4.131,1.06
605,22,2006,42441265152,2203917,8.311,0.381,0,3.262,2.15,1.95,4.474,1.37
606,22,2007,46307684352,2176059,8.639,0.454,0,3.147,2.15,2.02,4.834,1.62
607,22,2009,37661278208,2126268,7.457,0.362,0,2.827,2.11,2.06,4.072,0.94
608,22,2010,35958493184,2101537,8.555,0.455,0,3.393,2.06,2.09,4.252,0.26
609,22,2011,37962579968,2076974,7.812,0.442,0,2.975,2,2.11,3.817,1.42
610,22,2012,39482474496,2053635,7.521,0.4,0,2.792,2.06,2.18,3.731,0.72
611,22,2013,40519245824,2031491,7.37,0.301,0,2.729,2.07,2.2,3.773,1.25
612,22,2014,41379799040,2011040,7.173,0.242,0,2.448,2.12,2.25,3.892,1.58
613,22,2016,43297222656,1973477,7.212,0.166,0,2.607,2.05,2.3,4.06,1.44
614,22,2017,44937031680,1954861,7.216,0.167,0,2.299,2.05,2.28,4.278,0.99
615,23,1990,51021991936,3785851,35.738,3.187,0.024,10.587,7.12,6.67,19.789,1.5
616,23,1991,48112087040,3793430,37.82,3.555,0.028,10.922,7.05,6.41,21.285,0.72
617,23,1992,37861879808,3795748,21.168,1.662,0.034,6.292,7.35,5.51,12.084,1.07
618,23,1993,31722383360,3788532,16.32,1.465,0.048,3.415,6.29,4.91,10.891,0
619,23,1994,28612204544,3770461,15.767,1.22,0.043,3.98,5.59,4.51,10.04,0.54
620,23,1995,30095167488,3747269,15.057,0.979,0.057,4.566,5.18,4.41,9.028,0.73
621,23,1996,31645790208,3722023,15.74,0.895,0.086,4.928,5.01,4.88,9.414,-0.62
622,23,1997,34267160576,3694897,15.163,0.738,0.109,4.549,5.01,4.99,9.313,0.34
623,23,1998,36819656704,3665514,15.997,0.647,0.121,4.002,4.87,5.24,10.707,0.32
624,23,1999,36398338048,3633949,13.45,0.548,0.085,4.033,4.6,5.23,8.355,1.4
625,23,2000,37788340224,3599639,11.843,0.378,0.11,4.532,4.42,5.44,6.459,1.7
626,23,2001,40252133376,3560145,12.594,0.342,0.123,4.644,4.16,5.5,7.121,0.92
627,23,2002,42971131904,3515799,12.666,0.548,0.115,4.741,4.2,5.75,6.902,1.4
628,23,2003,47492665344,3469683,12.659,0.714,0.096,5.129,4.26,5.85,6.351,0.52
629,23,2004,50600710144,3422593,13.254,0.688,0.119,5.18,4.3,6.08,6.836,0.7
630,23,2005,54504800256,3373536,13.863,0.763,0.113,5.336,4.26,6.32,7.2,0.87
631,23,2006,58536325120,3322937,14.196,1.03,0.106,5.318,4.22,6.27,7.138,1.14
632,23,2007,65020497920,3272416,15.475,1.025,0.083,6.248,4.23,7.06,7.515,1.67
633,23,2008,66724208640,3224384,14.919,0.867,0.141,5.59,4.07,6.76,7.79,1.92
634,23,2009,56833646592,3180482,12.831,0.689,0.228,4.74,3.93,4.67,6.861,0.95
635,23,2010,57760002048,3139021,13.803,0.843,0.258,5.553,3.88,4.57,6.816,0.34
636,23,2011,61248360448,3099800,13.961,0.973,0.244,5.86,3.72,4.91,6.494,1.32
637,23,2012,63596855296,3063340,14.056,0.95,0.233,5.673,3.69,4.74,6.73,0.7
638,23,2013,65826070528,3028191,13.154,1.092,0.265,4.74,3.58,4.49,6.524,1.22
639,23,2014,68128043008,2994928,12.855,0.923,0.251,4.414,3.48,4.56,6.778,1.7
640,23,2016,70911025152,2933676,13.122,0.749,0.251,3.955,3.35,4.43,7.641,1.52
641,23,2017,73923043328,2904452,13.286,0.801,0.224,4.029,3.27,4.46,7.728,1.05
642,24,1990,14057150464,381275,11.816,6.302,0,1.036,0.6,0.3,3.878,1.19
643,24,1991,15214076928,386405,12.435,6.015,0,1.074,0.61,0.32,4.775,0.2
644,24,1992,15430616064,391524,12.202,5.54,0,1.122,0.61,0.32,4.956,1
645,24,1993,16017019904,396705,12.352,5.736,0,1.161,0.61,0.32,4.958,0.29
646,24,1994,16564453376,402049,11.543,4.844,0,1.174,0.6,0.32,4.97,1.42
647,24,1995,16736430080,407639,9.156,2.705,0,1.343,0.6,0.31,4.607,0.76
648,24,1996,16903203840,413202,9.207,2.46,0,1.461,0.6,0.32,4.792,-0.7
649,24,1997,17799362560,418413,8.564,1.541,0,1.491,0.6,0.32,5.023,0.82
650,24,1998,18802137088,423579,7.663,0.42,0,1.495,0.59,0.32,5.245,0.76
651,24,1999,20317839360,429352,8.118,0.444,0,1.546,0.61,0.34,5.595,1.14
652,24,2000,21906683904,435634,8.704,0.471,0,1.609,0.59,0.26,6.064,1.43
653,24,2001,22374428672,441254,9.205,0.471,0,1.781,0.59,0.26,6.457,0.88
654,24,2002,23139020800,445920,9.981,0.371,0,2.54,0.59,0.34,6.558,1.41
655,24,2003,23425226752,451351,10.453,0.346,0,2.576,0.58,0.35,7.074,1.32
656,24,2004,24177319936,457798,11.822,0.385,0,2.859,0.58,0.38,8.08,0.82
657,24,2005,24847697920,464868,12.08,0.377,0,2.829,0.57,0.37,8.384,0.82
658,24,2006,26033442816,472402,11.911,0.47,0,2.958,0.57,0.37,8,1.36
659,24,2007,28098930688,479877,11.307,0.408,0,2.731,0.58,0.37,7.688,1.59
660,24,2008,27632140288,488643,11.172,0.356,0,2.594,0.58,0.38,7.771,1.12
661,24,2009,26325504000,497876,10.63,0.339,0,2.659,0.58,0.37,7.207,1.07
662,24,2010,27499366400,507075,11.198,0.326,0,2.842,0.58,0.37,7.589,-0.2
663,24,2011,28088633344,518207,11.102,0.315,0,2.464,0.56,0.38,7.864,1.45
664,24,2012,27989147648,530596,10.872,0.286,0,2.5,0.55,0.36,7.637,0.9
665,24,2013,29106192384,543068,10.339,0.276,0,2.115,0.56,0.37,7.522,0.38
666,24,2015,31975024640,569415,9.351,0.288,0,1.83,0.56,0.36,6.828,1.66
667,24,2016,33357813760,583355,9.094,0.294,0,1.682,0.56,0.36,6.691,1.33
668,24,2017,33958649856,596290,9.268,0.283,0,1.657,0.57,0.37,6.881,1.73
669,25,1990,4761399808,365396,2.427,0.71,0,0,0.15,0.06,1.716,0.66
670,25,1991,5061075456,368676,2.272,0.575,0,0,0.16,0.06,1.695,-0.16
671,25,1992,5300727296,371892,2.294,0.485,0,0,0.17,0.06,1.807,0.06
672,25,1993,5540228096,375257,2.886,0.71,0,0,0.18,0.06,2.175,0.14
673,25,1994,5855593984,378568,2.658,0.483,0,0,0.19,0.07,2.174,0.74
674,25,1995,6229765120,381860,2.452,0.123,0,0,0.18,0.07,2.327,0.1
675,25,1996,6467464192,385271,2.534,0,0,0,0.19,0.06,2.532,0.02
676,25,1997,6810149888,388843,2.556,0,0,0,0.2,0.06,2.555,0.56
677,25,1998,7162084864,392487,2.525,0,0,0,0.2,0.07,2.524,0.14
678,25,1999,7503059968,395993,2.573,0,0,0,0.21,0.06,2.572,0.48
679,25,2000,8014503936,399212,2.468,0,0,0,0.22,0.06,2.468,0.45
680,25,2001,8066432512,402163,2.737,0,0,0,0.22,0.06,2.736,0.65
681,25,2002,8310288384,404708,2.747,0,0,0,0.23,0.06,2.747,0.28
682,25,2003,8525085184,406926,2.961,0,0,0,0.24,0.06,2.961,0.89
683,25,2004,8566343168,408805,2.849,0,0,0,0.24,0.06,2.849,0.37
684,25,2005,8894058496,410217,2.657,0,0,0,0.26,0.06,2.656,0.35
685,25,2006,9060388864,411204,2.667,0,0,0,0.26,0.06,2.667,0.84
686,25,2007,9425146880,412091,2.731,0,0,0,0.27,0.06,2.731,0.86
687,25,2008,9744470016,413407,2.69,0,0,0,0.19,0.06,2.69,0.77
688,25,2009,9508432896,415509,2.526,0,0,0,0.2,0.06,2.526,0.66
689,25,2010,9849064448,418758,2.603,0,0,0,0.22,0.06,2.603,0.49
690,25,2011,9990638592,423577,2.584,0,0,0,0.2,0.05,2.584,0.75
691,25,2012,10262471680,429912,2.717,0,0,0,0.2,0.05,2.716,1.15
692,25,2013,10776326144,437531,2.379,0,0,0,0.19,0.05,2.377,0.76
693,25,2014,11795842048,446449,2.364,0,0,0,0.2,0.05,2.362,0.97
694,25,2015,12842327040,456585,1.665,0,0,0,0.21,0.05,1.663,1.02
695,25,2016,13651020800,467717,1.356,0,0,0,0.22,0.05,1.355,1.09
696,25,2017,14540544000,479507,1.531,0,0,0.552,0.22,0.05,0.978,1.26
697,26,1990,4.11391E+11,14944550,162.665,34.193,0.885,73.122,29.61,16.23,52.871,0.54
698,26,1991,4.23865E+11,15046578,171.111,31.655,0.819,81.308,29.91,16.37,55.667,0.06
699,26,1992,4.33595E+11,15150688,170.918,31.239,0.752,79.3,29.44,16.43,58.027,0.39
700,26,1993,4.41586E+11,15251088,170.863,31.582,0.685,81.861,28.82,16.78,55.105,0.18
701,26,1994,4.57294E+11,15349481,171.648,34.655,0.619,78.7,28.05,16.47,55.864,0.39
702,26,1995,4.74288E+11,15446670,173.201,34.701,0.552,81.003,27.35,16.07,55.219,0.7
703,26,1996,4.94052E+11,15538617,182.297,33.336,0.496,90,26.72,16.01,56.894,-0.17
704,26,1997,5.18268E+11,15629912,175.285,32.503,0.606,84.033,25.87,15.75,56.57,0.48
705,26,1998,5.4486E+11,15722601,176.238,33.327,0.419,82.969,25.02,15.44,57.9,0.79
706,26,1999,5.75704E+11,15812491,170.854,29.307,0.308,81.017,24.11,15.2,58.596,0.76
707,26,2000,6.03576E+11,15899138,172.016,30.687,0.351,80.977,23.1,14.73,58.44,0.48
708,26,2001,6.19964E+11,15981630,177.146,32.697,0.254,83.049,22.5,14.09,59.492,0.5
709,26,2002,6.24207E+11,16057042,176.466,32.95,1.202,82.164,21.49,13.54,58.557,0.78
710,26,2003,6.29606E+11,16127574,179.897,34.033,1.127,82.768,20.7,13.39,60.424,0.83
711,26,2004,6.461E+11,16196036,181.78,33.536,1.08,85.12,20.33,14.03,60.481,0.65
712,26,2005,6.63884E+11,16261834,177.859,32.289,1.161,82.549,18.93,13.99,60.275,0.95
713,26,2006,6.9122E+11,16325679,172.991,30.715,1.147,80.003,18.31,13.94,59.583,0.91
714,26,2007,7.20938E+11,16391232,172.747,33.033,1.211,77.471,18.12,12.52,59.483,1
715,26,2008,7.37432E+11,16460775,175.711,32.019,1,81.202,18.23,9.02,59.919,0.66
716,26,2009,7.13757E+11,16536200,170.336,29.413,1.127,81.739,18.04,8.96,56.592,0.66
717,26,2010,7.27959E+11,16617121,182.359,30.422,1.134,91.539,17.88,8.75,57.807,0.57
718,26,2011,7.44361E+11,16701470,169.124,29.622,0.977,79.728,17.38,8.61,57.252,0.88
719,26,2012,7.36498E+11,16785296,165.482,31.877,0.864,76.115,17.09,8.69,55.092,0.64
720,26,2013,7.35093E+11,16867352,164.874,32.444,1.137,76.947,17.17,8.6,52.868,0.45
721,26,2014,7.45518E+11,16954080,157.468,35.797,1.092,67.011,17.18,8.9,52.011,1.14
722,26,2015,7.60077E+11,17041110,163.802,43.363,1.037,66.34,17.43,9.23,51.539,0.83
723,26,2016,7.76582E+11,17124512,164.691,40.088,1.104,69.162,17.37,8.99,52.796,1.08
724,26,2017,7.99188E+11,17207204,162.203,36.027,1.118,70.821,16.52,8.8,52.556,1.09
725,27,1990,74483236864,3397388,25.503,4.653,0.46,7.139,32.97,14.92,12.391,0.27
726,27,1991,72989966336,3481606,26.182,4.503,0.554,7.951,32.56,14.68,12.28,-0.29
727,27,1992,73699155968,3532568,28.167,4.922,0.54,8.419,32.27,14.5,13.292,-0.75
728,27,1993,77452075008,3573739,27.761,4.889,0.518,8.166,32.24,14.39,13.168,-0.6
729,27,1994,82753609728,3620893,27.9,4.627,0.541,7.612,33.01,14.83,14.084,-0.26
730,27,1995,86504431616,3673899,28.003,4.631,0.5,7.015,33.76,15.23,14.735,-0.16
731,27,1996,89915654144,3728460,29.304,4.585,0.666,8.107,33.37,14.77,14.899,-0.01
732,27,1997,92710363136,3775853,31.278,4.934,0.713,9.274,33.72,14.7,15.221,-0.29
733,27,1998,93578371072,3810047,29.858,4.519,0.705,7.997,32.97,14.37,15.504,0.47
734,27,1999,97884487680,3833496,31.465,4.619,0.616,9.17,33.31,14.76,15.809,0.96
735,27,2000,1.01981E+11,3855266,32.246,4.409,0.593,9.489,32.76,14.67,16.473,0.49
736,27,2001,1.04437E+11,3889587,34.379,5.412,0.612,10.444,33.08,14.82,16.589,0.58
737,27,2002,1.0993E+11,3948582,34.542,5.421,0.586,9.86,33.82,15.12,17.322,0.49
738,27,2003,1.15145E+11,4019944,36.241,7.74,0.611,8.522,33.94,15.48,18.102,0.44
739,27,2004,1.20377E+11,4081415,35.836,8.013,0.863,7.255,33.85,15.51,18.484,-0.27
740,27,2005,1.23645E+11,4132782,37.423,8.919,0.909,7.566,33.75,15.58,18.664,0.67
741,27,2006,1.27255E+11,4179986,37.33,8.796,0.958,7.552,33.94,15.38,18.795,-0.01
742,27,2007,1.32483E+11,4221495,36.41,6.726,1.021,8.259,33.89,15.23,19.001,-0.02
743,27,2008,1.32116E+11,4260235,37.508,8.284,1.241,7.811,33.3,14.81,18.86,0.37
744,27,2009,1.32821E+11,4302884,34.62,6.316,1.366,7.458,33.61,14.57,18.133,-0.22
745,27,2010,1.35625E+11,4346345,34.81,5.458,1.505,8.382,33.58,14.8,18.21,0.23
746,27,2011,1.38434E+11,4381274,34.265,5.534,1.459,7.626,33.51,14.88,18.407,0.21
747,27,2012,1.41964E+11,4410285,35.944,6.853,1.278,8.343,33.99,15.03,18.154,0.1
748,27,2013,1.44952E+11,4450641,35.24,6.013,1.092,8.373,33.81,15,18.541,0.72
749,27,2014,1.49075E+11,4514198,35.438,5.442,1.223,8.602,34.1,15.23,18.851,0.38
750,27,2015,1.53715E+11,4590591,35.812,5.47,1.347,8.305,33.22,15.06,19.371,0.43
751,27,2016,1.59814E+11,4668088,34.153,4.465,1.151,7.895,33.18,14.98,19.489,0.72
752,27,2017,1.65842E+11,4746253,35.687,4.669,1.088,8.518,32.96,15.03,20.362,-0.27
753,28,2003,2.77817E+11,4565167,43.9,3.283,1.786,13.016,5.44,4.86,24.372,0.57
754,28,2004,2.97704E+11,4592284,44.236,3.668,1.717,13.589,5.38,5.01,24.036,1.2
755,28,2005,3.14925E+11,4623691,43.263,3.317,1.59,13.421,5.25,5.11,23.631,1.75
756,28,2007,3.52665E+11,4709582,45.588,3.108,2.816,13.915,5.05,4.55,24.38,1.92
757,28,2008,3.64919E+11,4768654,44.675,3.228,2.351,14.085,4.99,4.15,23.611,1.56
758,28,2009,3.70051E+11,4829195,43.081,2.321,1.498,14.787,4.99,3.58,23.135,1.29
759,28,2010,3.83738E+11,4889747,45.621,3.05,1.541,15.04,4.96,3.46,24.515,0.53
760,28,2011,3.99383E+11,4953565,44.747,3.2,1.527,14.359,4.86,3.45,24.293,1.87
761,28,2013,4.14463E+11,5080667,44.516,3.24,1.49,13.902,4.7,3.43,24.526,1.51
762,28,2015,4.29219E+11,5190357,45.494,3.359,1.507,15.506,4.64,3.5,23.877,1.81
763,29,1990,3.10673E+11,38064252,376.641,302.284,4.235,18.722,45.22,26.76,40.209,1.45
764,29,1991,2.91725E+11,38167388,373.623,303.094,2.832,17.129,43.48,25.19,40.575,0.21
765,29,1992,3.02141E+11,38252284,364.511,293.86,2.83,16.611,41.73,24.93,41.309,1.08
766,29,1993,3.16591E+11,38319300,365.175,293.178,2.69,16.836,41.05,25.48,42.904,0.07
767,29,1994,3.36238E+11,38375464,360.218,283.683,1.725,18.124,39.92,25.69,45.655,1.04
768,29,1995,3.63195E+11,38401980,362.615,282.565,2.914,19.091,38.94,26.16,46.562,0.51
769,29,1996,3.88888E+11,38401408,377.285,293.186,2.498,19.81,38.17,26.18,50.808,-1.03
770,29,1997,4.17947E+11,38396120,367.236,277.516,3.203,21.004,37.96,26.53,53.672,0.24
771,29,1998,4.41376E+11,38379992,339.076,251.777,2.709,20.625,36.51,25.26,52.611,0.53
772,29,1999,4.66287E+11,38354952,329.266,239.663,3.533,20.428,35.62,24.78,54.742,1.23
773,29,2000,4.92196E+11,38504432,317.452,228.827,3.383,21.838,34.27,25.1,52.568,1.84
774,29,2001,5.0309E+11,38662860,313.501,226.152,2.871,22.635,33.47,24.92,52.418,0.64
775,29,2002,5.18231E+11,38647476,306.123,219.897,3.012,22.422,33.25,24.45,51.675,1.46
776,29,2003,5.41818E+11,38621536,318.95,226.406,3.565,24.832,33.17,25.08,54.949,0.63
777,29,2004,5.75084E+11,38596040,323.794,226.424,2.714,26.563,32.53,25.14,58.178,0.6
778,29,2005,6.00855E+11,38575912,322.765,222.638,3.387,27.401,32.83,25.95,59.786,0.69
779,29,2006,6.44043E+11,38547180,336.573,232.308,3.976,27.63,33.23,26.3,62.282,1.09
780,29,2007,6.95924E+11,38521868,335.92,227.707,3.611,27.911,32.93,27.27,65.2,1.64
781,29,2008,7.32389E+11,38522884,329.567,220.472,3.576,28.134,32.59,26.15,66.312,1.72
782,29,2009,7.58698E+11,38555288,316.021,209.074,2.872,27.273,32.27,22.88,67.08,0.84
783,29,2010,7.92189E+11,38597356,334.225,220.927,3.489,29.135,32.8,23.66,70.17,-0.16
784,29,2011,8.39856E+11,38620848,333.599,218.379,4.022,29.325,31.72,23.35,69.792,1.13
785,29,2012,8.53353E+11,38625872,325.953,214.04,4.212,30.558,31.22,23.77,66.488,0.72
786,29,2013,8.65215E+11,38607352,321.927,214.314,4.802,30.804,30.95,22.9,61.855,0.84
787,29,2016,9.52937E+11,38532108,323.547,202.099,4.554,32.42,29,23.5,73.144,1.44
788,29,2017,9.9999E+11,38532816,336.765,203.504,4.663,34.13,29.36,24.13,82.713,1
789,30,1990,1.71226E+11,10007347,45.279,10.984,0.057,1,11.12,4.05,29.539,0.65
790,30,1991,1.777E+11,9986418,47.097,11.585,0.06,0.938,11.23,3.96,30.699,0.05
791,30,1992,1.83979E+11,9978745,50.92,11.871,0.068,0.583,11.33,3.87,34.705,0.04
792,30,1993,1.83426E+11,9992104,49.434,12.526,0.085,0.545,11.3,3.76,32.516,-0.27
793,30,1994,1.86891E+11,10018101,50.207,13.179,0.279,0.433,11.72,3.72,32.418,0.23
794,30,1995,1.91954E+11,10051250,54.468,14.584,0.417,0.775,11.93,3.86,34.566,0.82
795,30,1996,1.99451E+11,10087653,51.761,13.54,0.367,0.915,12.14,3.99,32.883,0.25
796,30,1997,2.09094E+11,10130547,54.627,13.722,0.47,1.129,12.29,3.92,35.015,0.99
797,30,1998,2.19969E+11,10179419,59.169,12.296,0.441,2.447,12.58,4.09,39.667,0.5
798,30,1999,2.2942E+11,10233373,66.837,14.897,0.384,6.454,12.65,4.04,40.451,0.26
799,30,2000,2.39038E+11,10300632,65.611,15.003,0.346,5.716,12.65,4.04,39.867,0.38
800,30,2001,2.44637E+11,10371815,65.152,12.701,0.428,6.27,12.41,3.71,41.235,0.36
801,30,2002,2.47483E+11,10430913,69.56,13.708,0.419,7.362,12.66,3.73,43.285,0.42
802,30,2003,2.46137E+11,10473345,64.456,12.975,0.467,7.319,13.01,3.78,39.241,0.61
803,30,2004,2.51575E+11,10501523,67.303,13.081,0.482,9.136,13.1,3.71,39.722,0.51
804,30,2005,2.54497E+11,10523314,69.635,13.064,0.563,9.603,12.77,3.72,41.464,0.48
805,30,2006,2.59465E+11,10543946,64.843,13.069,0.536,9.079,12.56,3.63,37.328,0.97
806,30,2007,2.66977E+11,10565547,62.355,11.433,0.554,9.737,12.43,3.79,35.571,0.53
807,30,2008,2.68555E+11,10580963,60.028,9.836,0.504,10.482,11.99,3.69,34.261,0.53
808,30,2009,2.6158E+11,10591341,57.136,10.738,0.469,9.707,11.82,3.42,32.18,0.94
809,30,2010,2.67592E+11,10588401,52.934,6.427,0.566,10.473,11.64,3.37,31.34,0.9
810,30,2011,2.63734E+11,10564820,51.74,8.634,0.523,10.496,11.92,3.1,28.455,1.09
811,30,2012,2.53105E+11,10522085,49.899,11.138,0.607,9.085,11.69,3.12,25.598,0.57
812,30,2013,2.50243E+11,10464537,48.103,10.194,1.184,8.095,11.49,3.13,24.973,0.51
813,30,2014,2.52485E+11,10408379,47.885,10.316,1.016,7.628,11.46,3.25,24.991,0.9
814,30,2015,2.56507E+11,10365436,52.203,12.563,1.139,9.096,11.5,3.24,25.625,0.95
815,30,2016,2.60122E+11,10332751,50.367,10.819,1.066,9.803,11.5,3.25,25.554,0.9
816,30,2017,2.69243E+11,10307528,55.106,12.394,1.144,12.292,11.82,3.52,25.923,1.31
817,31,1990,1.27958E+11,22836234,176.507,54.855,1.177,70.498,29.87,18.12,43.827,0.83
818,31,1991,1.14092E+11,22842488,142.208,42.957,1.008,57.314,26.88,12.99,36.435,-0.26
819,31,1992,1.0824E+11,22800964,132.011,45.191,1.034,45.857,24.31,13.31,35.941,0.55
820,31,1993,1.13423E+11,22721662,122.694,40.52,1.048,43.643,22.13,13.14,33.685,-0.01
821,31,1994,1.21573E+11,22632776,120.905,40.992,1.053,42.509,21.98,11.69,32.639,1.48
822,31,1995,1.34464E+11,22533138,125.712,42.228,1.084,44.153,21.3,11.83,34.089,0.29
823,31,1996,1.44371E+11,22417872,129.147,41.869,1.08,43.685,21.6,11.86,38.302,-0.38
824,31,1997,1.43288E+11,22289540,118.156,37.192,1.077,35.974,21.18,11.4,39.953,-0.23
825,31,1998,1.42127E+11,22161240,104.86,31.515,1.458,33.612,20.31,10.41,34.232,0.32
826,31,1999,1.46477E+11,22039006,89.01,26.091,1.306,30.521,19.89,9.77,27.465,0.87
827,31,2000,1.56816E+11,21919882,93.334,29.547,0.948,30.976,19.43,10.57,28.168,1.67
828,31,2001,1.71449E+11,21797588,98.988,31.911,0.55,29.654,18.73,10.29,32.92,0.68
829,31,2002,1.85753E+11,21653530,99.298,32.965,0.728,31.008,18.61,9.33,30.806,1.4
830,31,2003,1.99209E+11,21481322,103.818,35.891,0.905,33.798,19.1,9.95,29.404,0.45
831,31,2004,2.22642E+11,21289292,103.277,35.859,0.894,31.991,19.19,11.09,30.292,0.45
832,31,2005,2.37715E+11,21092264,101.837,36.04,1.144,30.569,19.16,11.17,29.828,0.01
833,31,2006,2.67838E+11,20909406,104.296,38.235,1.442,31.43,19.1,10.15,28.3,0.41
834,31,2007,2.96749E+11,20744226,109.02,42.177,1.251,30.762,19.1,10.18,29.269,1.71
835,31,2008,3.30879E+11,20597516,107.894,40.826,1.385,31.109,19.05,9.27,29.051,1.5
836,31,2009,3.18475E+11,20466318,88.482,32.529,1.077,25.257,18.57,8.72,25.509,1.49
837,31,2010,3.26789E+11,20335212,86.094,29.517,1.159,27.515,18.21,9.24,24.037,0.85
838,31,2011,3.41004E+11,20220286,92.804,34.19,0.88,28.371,16.34,9.16,25.165,0.87
839,31,2012,3.3949E+11,20137112,91.127,31.787,0.839,28.143,16.89,8.42,26.161,1.37
840,31,2013,3.54085E+11,20066550,79.366,25.42,0.841,24.996,17.08,8.62,24.404,1.52
841,31,2016,3.45274E+11,19797820,76.715,22.15,0.835,23.161,17.08,8.66,26.172,1.35
842,31,2017,3.69828E+11,19698852,79.649,21.861,0.776,24.228,17.06,9.17,28.168,1.18
843,32,1990,1.83487E+12,148005696,2536.248,754.207,33.222,788.193,648.6,111.92,888.24,1.13
844,32,1991,1.77749E+12,148455408,2406.756,705.395,33.629,754.959,621.29,106.19,844.452,0.98
845,32,1992,1.55501E+12,148725600,1966.505,521.601,27.375,774.35,583.93,98.19,585.385,0.28
846,32,1993,1.44949E+12,148897280,1866.729,507.516,22.063,781.669,560.84,90.23,509.992,0.6
847,32,1994,1.29558E+12,148829120,1647.665,454.67,18.667,732.937,537.56,76.87,406.8,0.31
848,32,1996,1.25472E+12,148233408,1586.822,477.466,20.154,699.775,510.75,72.97,361.332,0.48
849,32,1997,1.29974E+12,147939968,1482.245,411.997,21.843,669.233,479.53,63.54,352.956,0.87
850,32,1998,1.25945E+12,147672720,1465.253,400.631,21.849,673.399,481.78,62.08,345.571,-0.16
851,32,1999,1.36903E+12,147336384,1494.179,407.464,23.633,686.577,479.74,58.09,350.395,0.26
852,32,2000,1.54048E+12,146844848,1479.142,427.01,23.764,681.631,487.81,59.91,317.516,0.65
853,32,2001,1.65035E+12,146235520,1515.647,445.476,24.348,693.223,492.01,59.74,323.3,0.65
854,32,2002,1.7737E+12,145590144,1506.788,424.116,34.816,702.703,503.34,60.4,314.772,1.07
855,32,2003,1.94681E+12,144946720,1537.018,425.963,34.543,735.376,536.56,62.43,308.711,1.4
856,32,2004,2.13517E+12,144353648,1543.957,416.376,39.638,743.405,540.77,58.82,309.318,0.69
857,32,2005,2.32088E+12,143800048,1562.577,417.916,41.53,746.183,552.23,56.62,320.02,1.69
858,32,2006,2.56592E+12,143338672,1623.002,437.859,42.157,766.955,550.47,57.93,335.529,0.46
859,32,2008,3.07032E+12,143086544,1652.064,451.93,36.625,779.724,558.55,66.33,343.698,1.87
860,32,2009,2.89751E+12,143163648,1545.034,419.075,38.288,732.688,541.4,61.3,323.009,0.57
861,32,2010,3.09942E+12,143242592,1632.783,419.276,47.87,794.593,559.95,60.17,333.87,0.67
862,32,2011,3.3003E+12,143364544,1685.91,430.352,51.561,817.72,569.13,63.23,346.176,1.74
863,32,2012,3.42175E+12,143629360,1701.268,445.326,52.928,807.072,563.78,62.86,353.791,1.27
864,32,2013,3.47331E+12,143956864,1640.437,408.194,48.828,782.85,563.78,60.68,357.04,1.46
865,32,2014,3.55995E+12,144285072,1639.959,397.222,38.466,775.338,566.14,64.92,385.79,1.34
866,33,1990,65119608832,5261310,61.473,33.629,0.024,12.239,7.57,3.98,12.821,0.89
867,33,1991,55497322496,5280230,53.286,28.893,0.025,11.941,7.37,2.98,10.462,-0.23
868,33,1992,51833806848,5301897,48.887,25.886,0.025,12.022,6.96,2.73,8.909,0.92
869,33,1993,55429943296,5321863,46.351,24.71,0.024,11.554,6.48,2.46,8.205,0.19
870,33,1994,58743312384,5338814,43.757,22.225,0.025,11.204,6.08,2.81,8.352,1.6
871,33,1995,63231098880,5349999,44.145,21.392,0.026,12.4,5.91,2.9,8.218,0.43
872,33,1996,67359354880,5358288,44.026,20.778,0.027,13.035,5.96,3.13,8.143,-0.52
873,33,1997,71293222912,5365829,44.098,20.525,0.027,13.289,5.81,3.03,8.131,0.02
874,33,1998,73994518528,5371086,43.827,19.199,0.027,13.66,5.74,2.82,8.082,0.59
875,33,1999,73685016576,5374617,43.038,18.412,0.027,13.868,5.53,2.32,7.824,0.89
876,33,2000,74412965888,5376700,41.139,17.768,0.025,13.653,5.21,2.57,7.428,1.8
877,33,2001,76717629440,5376457,43.224,18.386,0.025,14.411,5.08,2.76,8.035,0.72
878,33,2002,80015532032,5375206,41.978,17.995,0.025,13.514,5.1,2.76,8.064,1.49
879,33,2003,84169826304,5374381,42.303,18.934,0.026,13.144,5,2.8,8.142,0.77
880,33,2004,88408940544,5374932,42.792,18.991,0.026,12.907,4.99,2.98,8.377,0.51
881,33,2005,94173028352,5376251,42.799,17.752,0.023,13.147,4.81,2.84,9.334,0.13
882,33,2006,1.01914E+11,5377239,42.564,18.762,0.02,12.24,4.63,3.17,8.94,0.67
883,33,2007,1.12675E+11,5378381,40.972,17.561,0.019,11.383,4.53,2.97,9.3,1.78
884,33,2008,1.18766E+11,5381641,41.364,17.059,0.021,11.772,4.67,2.88,9.634,1.63
885,33,2009,1.12083E+11,5388934,37.626,16.027,0.023,10.41,4.43,2.64,9.008,1.45
886,33,2010,1.17478E+11,5396428,38.409,16.05,0.021,11.049,4.53,2.47,9.339,0.6
887,33,2011,1.20534E+11,5402686,37.989,16.303,0.02,10.424,4.65,2.15,8.866,1.09
888,33,2012,1.22528E+11,5409283,35.913,14.58,0.019,10.061,4.15,2.03,9.125,1.46
889,33,2013,1.24358E+11,5414744,35.57,14.276,0.02,10.236,4.32,1.94,8.996,1.36
890,33,2016,1.36796E+11,5431205,34.914,13.829,0.02,8.849,4.27,2.05,10.027,1.41
891,33,2017,1.40963E+11,5439418,36.114,14.284,0.023,9.39,4.26,1.96,10.137,1.31
892,34,1990,36026961920,1986030,15.095,7.128,0.101,1.74,2.43,1.13,5.385,0.85
893,34,1991,32680462336,1989799,13.973,6.36,0.093,1.768,2.39,1.02,5.122,-0.1
894,34,1992,30763878400,1991344,13.883,6.818,0.12,1.478,2.11,0.92,4.909,1.19
895,34,1993,31503259648,1991685,14.246,6.293,0.108,1.477,2.14,0.89,5.907,0.45
896,34,1994,33038143488,1991454,14.636,5.965,0.104,1.519,2.12,0.91,6.473,1.71
897,34,1995,35329814528,1991115,15.354,6.07,0.118,1.532,2.13,0.86,7.058,0.51
898,34,1996,36416385024,1990671,15.999,5.591,0.115,1.634,2.16,0.81,8.068,-0.5
899,34,1997,38114369536,1989831,16.507,6.022,0.123,1.567,2.12,0.87,8.198,0.53
900,34,1998,39200575488,1988287,16.039,6.181,0.116,1.627,2.1,0.85,7.501,0.86
901,34,1999,41091821568,1986263,15.412,5.563,0.117,1.669,2.02,0.83,7.447,0.89
902,34,2000,42615771136,1984339,15.054,5.819,0.118,1.705,2.15,0.87,6.792,1.75
903,34,2001,43686670336,1982489,16.303,6.488,0.135,1.75,2.25,0.88,7.286,0.83
904,34,2002,45168627712,1983769,16.565,6.897,0.144,1.714,2.18,0.86,7.236,1.56
905,34,2003,46254137344,1989413,16.272,6.484,0.158,1.884,2.22,0.87,7.158,1.18
906,34,2004,48061218816,1996731,16.705,6.686,0.161,1.898,2.15,0.83,7.354,0.6
907,34,2005,49771966464,2004780,16.932,6.649,0.166,1.928,2.16,0.83,7.536,0.26
908,34,2006,52362579968,2013577,17.178,6.697,0.18,1.902,2.09,0.83,7.708,0.97
909,34,2007,55758200832,2023230,17.343,6.941,0.187,1.886,2.07,0.84,7.607,1.77
910,34,2008,57353908224,2034037,18.278,6.68,0.172,1.878,2.03,0.83,8.784,1.57
911,34,2009,52654862336,2045578,16.204,6.141,0.173,1.785,1.92,0.81,7.571,1.26
912,34,2010,53079736320,2057294,16.46,6.284,0.174,1.882,1.92,0.82,7.624,0.24
913,34,2011,53196414976,2065457,16.359,6.327,0.187,1.751,1.9,0.84,7.656,1.42
914,34,2012,51766657024,2069365,15.76,5.992,0.19,1.684,1.85,0.83,7.461,1.41
915,34,2013,51204718592,2072374,15.128,5.741,0.155,1.643,1.81,0.8,7.098,1.07
916,34,2016,55372836864,2090020,14.458,4.964,0.13,1.684,1.8,0.81,7.235,1.47
917,34,2017,58049191936,2098396,14.617,4.907,0.139,1.753,1.79,0.81,7.306,1.63
918,35,1990,5.94764E+11,44120040,250.511,94.308,0,6.433,24.25,7.73,130.947,0.83
919,35,1991,6.51872E+11,44487412,275.688,94.094,0,7.441,24.45,7.88,151.671,0.05
920,35,1992,6.87369E+11,44703708,299.905,91.32,0,9.733,24.55,10.21,173.971,0.39
921,35,1993,7.29369E+11,44932856,330.174,99.62,0,12.159,24.69,10.45,189.427,-0.32
922,35,1994,7.91074E+11,45165784,355.695,101.801,0,16.186,24.98,10.95,206.573,0.75
923,35,1995,8.60794E+11,45393416,383.665,105.3,0,19.574,25.13,11.85,226.079,0.18
924,35,1996,9.19813E+11,45660164,420.996,122.689,0,25.859,25.76,12.45,239.471,-0.23
925,35,1997,9.67605E+11,45962392,444.968,133.313,0,31.427,26.06,13.55,246.07,0.78
926,35,1998,9.08368E+11,46250260,378.038,137.598,0,29.399,24.41,13.3,183.586,1.27
927,35,1999,1.00416E+12,46520448,410.519,145.635,0,35.797,24.15,14.15,200.628,0.78
928,35,2000,1.08626E+12,46788588,439.981,163.883,0,40.204,24.35,15.02,206.229,0.49
929,35,2001,1.12762E+12,47064784,455.631,174.626,0,44.163,24.83,15.2,206.083,0.9
930,35,2002,1.20307E+12,47320664,476.065,187.637,0,49.069,24.63,14.94,207.116,0.49
931,35,2003,1.22983E+12,47539740,485.213,195.319,0,51.401,24.6,18.23,205.372,0.36
932,35,2004,1.28124E+12,47727288,491.389,203.138,0,60.234,23.6,20.85,196.256,1.04
933,35,2005,1.32235E+12,47889576,498.688,209.293,0,65.27,23.76,19.38,195.069,0.33
934,35,2006,1.38128E+12,48049348,503.478,216.428,0,67.995,23.76,18.02,190.054,0.34
935,35,2007,1.44672E+12,48220600,521.709,228.427,0,73.37,23.32,9.79,187.258,1.12
936,35,2008,1.47743E+12,48398632,532.651,253.041,0,75.924,23.3,8.97,171.088,0.73
937,35,2009,1.47764E+12,48588024,537.82,262.395,0,72.171,23.64,8.93,172.708,1.03
938,35,2010,1.56282E+12,48813036,594.339,295.05,0,91.541,23.8,9.26,176.156,0.7
939,35,2011,1.60922E+12,49169880,623.443,320.169,0,98.513,23.42,9.39,171.469,0.14
940,35,2012,1.64611E+12,49634188,627.943,316.99,0,106.566,23.41,9.54,170.817,0.38
941,35,2013,1.69381E+12,50098228,634.581,320.644,0,111.531,23.21,9.6,168.582,0.53
942,35,2014,1.75042E+12,50558044,629.366,331.304,0,101.445,22.95,9.61,161.534,0.79
943,35,2015,1.79925E+12,50994396,634.177,335.411,0,92.589,22.74,9.87,170.594,0.76
944,35,2016,1.84912E+12,51309984,637.914,320.697,0,96.655,22.4,10.01,184.034,1.03
945,35,2017,1.90756E+12,51511640,654.537,337.669,0,100.861,22.3,10.18,179.413,1.66
946,36,1990,7.56125E+11,38889888,230.5,79.876,1.769,12.062,34.1,22.25,121.513,0.91
947,36,1991,7.87367E+11,38997064,240.231,82.396,1.754,13.463,34.17,21.48,127.972,0.1
948,36,1992,8.05945E+11,39202248,248.632,85.65,1.855,14.57,34.63,19.91,133.261,0.08
949,36,1993,7.9927E+11,39420540,240.046,82.449,1.838,14.168,34.23,20.4,128.805,-0.15
950,36,1994,8.27807E+11,39623732,252.3,82.941,2.089,15.212,34.65,21.01,137.419,0.68
951,36,1995,8.65579E+11,39814568,266.035,85.879,1.863,18.878,35.03,20.71,143.725,0.93
952,36,1996,8.95967E+11,39996476,253.498,72.659,1.794,21.289,35.85,22.81,142.29,0.28
953,36,1997,9.37387E+11,40180048,265.832,75.331,1.815,27.489,37.66,22.5,144.948,1.16
954,36,1998,9.88972E+11,40362356,274.605,73.456,1.942,28.462,38.02,23.78,153.228,0.73
955,36,1999,1.0447E+12,40542232,298.075,83.531,1.994,32.502,38.53,23.71,161.666,0.57
956,36,2000,1.10875E+12,40741652,310.071,88.321,2.133,37.153,39.22,23.85,163.468,0.59
957,36,2001,1.16439E+12,40966448,311.809,81.098,2.038,39.97,39.81,23.39,169.398,0.71
958,36,2002,1.20611E+12,41477652,331.95,90.917,2.069,45.027,40.18,23.03,173.92,0.68
959,36,2003,1.25454E+12,42230268,336.332,84.293,1.9,51.279,40.17,24.04,178.249,1.09
960,36,2004,1.3075E+12,42959672,353.011,87.367,2.234,58.736,39.86,23.31,183.598,0.56
961,36,2005,1.36502E+12,43685372,368.338,87.766,2.297,68.912,39.6,21.96,187.75,0.51
962,36,2006,1.43422E+12,44422824,359.653,77.952,2.416,74.012,39.35,22.32,183.442,1.2
963,36,2007,1.49893E+12,45245784,367.399,84.629,2.565,75.625,40.04,22.87,182.939,0.57
964,36,2008,1.52811E+12,45966544,335.887,59.334,2.304,82.522,38.47,20.59,173.208,0.53
965,36,2009,1.48656E+12,46367772,296.5,45.081,2.256,73.679,40.17,20.26,161.035,0.91
966,36,2010,1.49893E+12,46572776,282.937,36.352,2.28,73.622,38.6,20.72,156.338,0.45
967,36,2011,1.49544E+12,46729232,283.799,54.215,2.739,68.023,38.45,19.67,146.018,1.29
968,36,2012,1.45375E+12,46756084,278.06,63.253,3.379,65.077,37.75,19.04,134.678,0.71
969,36,2013,1.42921E+12,46603460,251.94,49.191,3.835,59.054,37.19,19.59,129.347,0.54
970,36,2014,1.45031E+12,46464548,254.18,54.142,4.065,54.25,37.01,20.39,129.901,1.32
971,36,2015,1.49753E+12,46431344,270.767,61.841,3.707,56.602,38.59,20.52,136.36,1.29
972,36,2016,1.41704E+12,46473320,259.629,45.677,3.764,57.652,38.5,20.29,140.248,1.13
973,36,2017,1.45802E+12,46584168,273.592,53.598,3.823,62.528,38.9,20.72,141.157,1.64
974,37,1990,2.40234E+11,8548407,57.51,11.749,0.336,1.588,8.55,6.43,41.99,1.67
975,37,1991,2.37965E+11,8594170,57.74,11.835,0.284,1.716,8.49,6.19,42.231,0.71
976,37,1992,2.35763E+11,8640277,57.567,11.092,0.311,1.993,8.62,6.3,42.608,1.06
977,37,1993,2.31559E+11,8683403,57.561,11.039,0.345,2.065,8.57,6.49,42.505,0.23
978,37,1994,2.41527E+11,8723467,60.015,11.226,0.295,2.027,8.45,6.38,44.745,0.21
979,37,1995,2.51744E+11,8758496,59.506,11.219,0.337,2.061,8.32,6.23,44.029,0.31
980,37,1996,2.56501E+11,8785493,63.381,12.388,0.322,2.224,8.32,6.4,46.635,-0.16
981,37,1997,2.64172E+11,8807868,58.383,10.784,0.358,2.254,8.26,6.37,43.282,1.01
982,37,1998,2.76042E+11,8828629,58.802,11.108,0.365,2.23,8.08,6.34,43.31,0.29
983,37,1999,2.89704E+11,8848881,55.982,10.048,0.375,2.171,7.82,6.18,41.585,0.87
984,37,2000,3.03455E+11,8871042,54.93,10.102,0.374,2.079,7.66,6.22,40.448,1.54
985,37,2001,3.08399E+11,8896748,55.838,10.942,0.373,2.397,7.5,5.94,40.175,0.57
986,37,2002,3.17465E+11,8926011,56.685,11.42,0.368,2.442,7.27,5.9,40.495,1.16
987,37,2003,3.26406E+11,8961506,57.292,11.55,0.396,2.266,7.08,5.89,41.209,1.12
988,37,2004,3.41905E+11,9004263,56.517,11.815,0.387,2.196,7.09,5.95,40.175,1.07
989,37,2005,3.54499E+11,9051739,53.875,10.952,0.364,1.867,6.8,5.84,38.628,1.42
990,37,2006,3.72238E+11,9104724,53.738,10.696,0.812,2.048,6.66,5.82,38.067,1.61
991,37,2007,3.87885E+11,9164274,52.994,10.775,0.848,2.16,6.38,5.71,37.124,1.39
992,37,2008,3.88984E+11,9229282,50.867,10.344,0.861,1.888,6.09,5.88,35.675,1.47
993,37,2009,3.73029E+11,9301413,47.239,7.372,0.864,2.483,5.93,5.65,34.708,0.88
994,37,2010,3.99842E+11,9381722,53.12,10.317,0.825,3.431,5.86,5.9,36.522,-0.62
995,37,2011,3.97621E+11,9467384,49.211,9.472,0.834,2.718,5.83,5.67,34.128,1.7
996,37,2012,3.9649E+11,9555984,46.712,8.643,0.838,2.355,5.7,5.59,32.73,0.45
997,37,2013,4.01409E+11,9648935,45.202,8.744,0.699,2.358,5.53,5.63,31.339,1.15
998,37,2015,4.28683E+11,9849344,43.419,8.022,0.822,1.967,5.2,5.93,30.491,1.79
999,37,2016,4.43164E+11,9953322,43.414,8.034,0.64,2.261,5.15,5.95,30.341,1.36
1000,37,2017,4.54544E+11,10058191,42.457,8.315,0.801,1.812,5.12,6.15,29.418,0.95
1001,38,1990,2.34154E+11,6711685,44.161,1.467,0.026,3.878,6.44,2.9,35.947,1.06
1002,38,1991,2.36259E+11,6795392,46.137,1.211,0.039,4.335,6.35,2.88,38.048,0.26
1003,38,1992,2.40475E+11,6873188,46.019,0.896,0.036,4.545,6.27,2.85,38.181,0.97
1004,38,1993,2.44574E+11,6936123,43.606,0.763,0.04,4.757,6.24,2.8,35.88,0.47
1005,38,1994,2.52215E+11,6991543,42.666,0.778,0.041,4.684,6.2,2.8,34.809,1.7
1006,38,1995,2.58066E+11,7038302,43.408,0.797,0.039,5.144,6.14,2.78,35.196,0.68
1007,38,1996,2.64365E+11,7069694,44.099,0.576,0.044,5.586,6.14,2.76,35.866,-0.36
1008,38,1997,2.75431E+11,7086993,43.035,0.5,0.042,5.404,5.93,2.69,35.255,0.94
1009,38,1998,2.88737E+11,7108225,44.614,0.439,0.042,5.567,5.87,2.68,36.73,0.75
1010,38,1999,2.98852E+11,7142199,44.437,0.453,0.043,5.776,5.74,2.6,36.33,0.87
1011,38,2000,3.1633E+11,7182052,43.614,0.645,0.039,5.759,5.68,2.6,35.214,1.46
1012,38,2001,3.26784E+11,7224413,45.081,0.654,0.041,5.998,5.73,2.64,36.397,0.89
1013,38,2002,3.33239E+11,7276479,43.461,0.594,0.041,5.895,5.69,2.53,35.018,1.46
1014,38,2003,3.3951E+11,7330729,44.646,0.602,0.039,6.23,5.6,2.52,35.898,1.52
1015,38,2004,3.55559E+11,7381153,45.231,0.588,0.044,6.442,5.52,2.54,36.161,0.76
1016,38,2005,3.73064E+11,7428437,45.778,0.633,0.058,6.612,5.55,2.59,36.371,0.62
1017,38,2006,3.95139E+11,7475014,45.368,0.68,0.045,6.438,5.56,2.6,36.104,1.29
1018,38,2007,4.19031E+11,7541909,43.363,0.741,0.042,6.275,5.51,2.57,34.171,1.46
1019,38,2008,4.3642E+11,7638288,44.706,0.681,0.044,6.681,5.59,2.64,35.208,1
1020,38,2009,4.34944E+11,7734402,43.53,0.636,0.044,6.403,5.52,2.6,34.403,1.09
1021,38,2010,4.5599E+11,7822444,45.043,0.649,0.046,7.159,5.53,2.6,35.015,-0.06
1022,38,2011,4.72721E+11,7910988,40.981,0.608,0.056,6.363,5.42,2.55,31.815,1.71
1023,38,2012,4.77669E+11,7995738,42.249,0.557,0.044,6.959,5.4,2.5,32.669,1.05
1024,38,2013,4.86175E+11,8088370,43.182,0.583,0.038,7.314,5.35,2.52,33.222,0.48
1025,38,2015,5.00062E+11,8281735,38.726,0.56,0.028,6.78,5.22,2.48,29.463,1.91
1026,38,2016,5.08579E+11,8372902,39.179,0.525,0.028,7.127,5.21,2.49,29.553,1.27
1027,39,1990,4.86761E+11,54324140,151.615,70.204,0.22,7.647,38.21,26.8,60.12,0.11
1028,39,1991,4.99938E+11,55321172,158.126,74.99,0.263,9.145,37.04,25.61,58.789,-0.14
1029,39,1992,5.38702E+11,56302040,164.065,75.08,0.254,9.926,37.74,26.57,63.246,-1.32
1030,39,1993,5.91946E+11,57296008,171.139,70.566,0.231,11.088,37.58,27.58,73.136,-0.46
1031,39,1994,5.69083E+11,58310244,167.566,68.585,0.219,11.348,37.03,24.77,70.63,0.72
1032,39,1995,6.20397E+11,59305492,181.355,71.101,0.209,14.441,36.97,25.13,78.056,0.01
1033,39,1996,6.75112E+11,60293784,199.647,82.694,0.208,16.82,36.9,25.69,82.12,0.31
1034,39,1997,7.38355E+11,61277420,212.108,90.549,0.206,20.788,37.65,25.77,81.899,-0.26
1035,39,1998,7.73999E+11,62242200,212.135,94.057,0.194,21.658,37.22,27.06,77.471,0.94
1036,39,1999,7.45796E+11,63185620,207.928,84.306,0.178,26.718,38.16,27,78.876,1.24
1037,39,2000,8.07551E+11,64113548,229.937,98.619,0.168,30.118,38.78,26.52,82.614,0.45
1038,39,2001,7.53327E+11,65072016,213.581,84.601,0.155,32.578,37.97,23.95,78.145,1.22
1039,39,2002,8.18938E+11,65988664,221.226,87.32,0.148,34.766,37.34,24.31,80.255,0.43
1040,39,2003,8.72922E+11,66867324,236.766,92.078,0.145,43.193,37.02,24.8,81.859,0.58
1041,39,2004,9.57901E+11,67785080,244.769,93.453,0.14,44.368,37.08,24.97,85.843,0.38
1042,39,2005,1.04662E+12,68704712,264.871,102.178,0.142,54.859,38.45,25.38,84.446,0.44
1043,39,2006,1.12834E+12,69601328,282.368,111.676,0.135,62.166,39.8,26.9,83.084,0.51
1044,39,2007,1.19169E+12,70468864,313.693,126.159,0.133,72.005,42.27,25.68,87.866,0.6
1045,39,2008,1.21376E+12,71320728,310.622,122.958,0.135,71.548,42.84,23.83,86.88,0.63
1046,39,2009,1.15502E+12,72225648,316.412,130.449,0.138,71.36,42.41,26.78,83.74,0.69
1047,39,2011,1.40399E+12,74173856,342.057,135.425,0.151,86.048,44,26.15,84.197,0.28
1048,39,2012,1.44192E+12,75277440,356.107,141.827,0.144,87.094,45.46,28.31,89.728,0.94
1049,39,2013,1.51023E+12,76576120,347.332,125.598,0.146,86.692,44.42,30.78,94.357,0.78
1050,39,2014,1.57059E+12,78112064,364.028,130.464,0.145,93.537,46.62,30.61,98.998,1.49
1051,39,2015,1.63784E+12,79646176,384.93,139.39,0.155,96.438,42.51,31.02,108.643,0.71
1052,39,2016,1.4985E+12,81019400,405.95,152.272,0.158,91.852,44.56,33.27,117.847,1.12
1053,39,2017,1.61046E+12,82089824,430.901,158.615,0.157,104.89,44.98,32.87,120.765,0.64
1054,40,1990,4.95935E+11,51589816,706.227,263.168,3.483,216.19,91.93,44.58,205.687,0.81
1055,40,1991,4.60353E+11,51672816,632.924,222.622,3.065,224.884,88.91,41.87,167.044,-0.1
1056,40,1992,4.2171E+11,51785152,589.283,245.344,2.709,197.13,81.03,37.76,129.12,-0.42
1057,40,1993,3.67894E+11,51778420,510.32,235.88,2.437,165.866,77.41,33.33,94.482,-1.1
1058,40,1994,2.88419E+11,51487376,419.492,185.817,2.277,144.306,73.94,30.85,77.58,0.19
1059,40,1995,2.57478E+11,51061268,390.072,174.093,2.226,134.048,69.68,28.1,72.31,0.5
1060,40,1996,2.35603E+11,50616104,351.77,146.215,2.231,137.899,65.68,24.61,60.779,-0.35
1061,40,1997,2.32333E+11,50169352,340.514,154.305,2.212,129.719,60.09,24.31,49.468,-0.69
1062,40,1998,2.31737E+11,49745868,328.808,123.079,2.191,155.921,53.81,21.71,42.553,0.47
1063,40,1999,2.35148E+11,49320116,298.579,123.714,2.145,130.367,52.07,20.47,37.528,1.27
1064,40,2000,2.53196E+11,48879752,285.674,122.878,2.147,124.325,49.72,20.28,31.612,0.8
1065,40,2001,2.8111E+11,48414536,303.891,131.831,2.191,130.433,47.21,20.62,33.996,0.94
1066,40,2002,3.01087E+11,47976540,295.901,136.228,2.178,116.284,47.49,21.56,35.368,1.11
1067,40,2003,3.35257E+11,47605644,307.245,132.444,2.379,128.304,47.2,20.38,37.249,-0.2
1068,40,2004,3.81078E+11,47261960,310.626,135.323,2.573,128.409,44.74,19.85,36.469,0.84
1069,40,2005,3.99366E+11,46912616,313.531,135.906,2.472,130.363,43.4,19.76,36.259,1.11
1070,40,2006,4.36787E+11,46592552,333.062,154.04,2.49,126.738,41.84,20.01,40.508,0.45
1071,40,2008,4.99592E+11,46062936,325.983,154.64,2.696,114.802,39.74,22.81,43.891,1.05
1072,40,2009,4.31074E+11,45863884,277.593,136.611,2.647,89.978,37,20.38,42.693,1.41
1073,40,2010,4.3943E+11,45683024,294.366,145.421,2.618,100.442,38.07,21.54,39.84,1.91
1074,40,2011,4.71221E+11,45516136,308.376,153.853,2.679,104.231,36.97,24.01,39.774,0.18
1075,40,2012,4.72339E+11,45406228,304.424,158.981,2.549,97.27,36.6,23.39,38.465,1.46
1076,40,2013,4.72223E+11,45307104,297.479,160.185,2.529,90.477,37.11,25.15,37.34,1.65
1077,40,2014,4.41259E+11,45148072,257.639,138.373,2.494,75.185,35.73,25,35.341,1.21
1078,40,2016,4.07348E+11,44833568,233.961,126.828,2.373,64.067,33.59,25.5,34.124,1.56
1079,40,2017,4.17634E+11,44657260,223.081,112.586,2.304,66.621,33.45,26.28,35.342,1.38
1080,41,1990,1.50569E+12,57210444,601.945,252.69,6.787,113.518,111.25,59.04,217.8,0.83
1081,41,1991,1.48746E+12,57359452,609.413,253.623,6.26,121.693,111.74,58.14,218.39,0.14
1082,41,1992,1.49138E+12,57509240,593.846,237.747,6.444,122.296,112.05,52.91,218.447,0.28
1083,41,1993,1.52738E+12,57647464,579.613,207.686,6.636,137.591,113.49,48.89,219.163,-0.17
1084,41,1994,1.58521E+12,57785900,574.017,195.376,7.426,145.455,115.63,49.47,215.736,0.27
1085,41,1995,1.62342E+12,57930364,566.159,181.699,8.341,154.254,116.51,47.77,211.595,0.72
1086,41,1996,1.66325E+12,58078584,586.761,173.072,8.707,177.543,117.55,48.63,216.892,-0.02
1087,41,1997,1.71366E+12,58250192,562.708,154.729,7.211,182.887,116.73,47.97,207.743,0.91
1088,41,1998,1.76669E+12,58438320,568.544,154.088,7.448,191.361,116,47.73,204.934,0.72
1089,41,1999,1.82299E+12,58635204,561.65,138.313,6.171,205.231,113.76,37.96,201.663,0.82
1090,41,2000,1.88946E+12,58850044,569.034,144.443,6.446,210.131,109.9,36.94,198.238,0.58
1091,41,2001,1.93916E+12,59092016,577.971,153.534,6.493,210.16,104.86,35.54,198.651,0.51
1092,41,2002,1.98381E+12,59355688,560.273,141.691,6.179,207.03,102.72,33.51,196.13,1.08
1093,41,2003,2.05065E+12,59649800,571.619,153.103,5.563,208.462,98.44,33.11,194.397,1.13
1094,41,2004,2.1005E+12,59995852,573.43,147.662,5.619,211.734,93.27,34.01,197.952,0.98
1095,41,2005,2.16095E+12,60383740,570.338,148.033,5.991,205.438,89.38,32.84,200.448,0.9
1096,41,2006,2.21297E+12,60803700,567.846,160.844,5.272,194.126,84.85,31.78,197.183,1.07
1097,41,2007,2.26738E+12,61260680,559.566,150.844,5.417,196.52,80.57,31.83,196.16,1.06
1098,41,2008,2.25104E+12,61742152,544.932,139.219,4.75,202.655,75.04,31.64,188.8,0.7
1099,41,2009,2.15165E+12,62243384,494.108,113.823,4.881,188.07,69.48,29.33,180.264,0.85
1100,41,2010,2.19078E+12,62760048,511.905,118.03,4.738,201.927,64.55,29.85,179.848,0.08
1101,41,2011,2.22172E+12,63286360,469.713,117.15,4.453,168.236,60.59,28.9,172.06,1.1
1102,41,2012,2.25091E+12,63808728,487.477,148.005,3.646,158.24,58.3,28.5,170.288,0.54
1103,41,2013,2.29392E+12,64302296,477.611,142.457,4.216,157.622,54.46,28.5,165.756,0.4
1104,41,2014,2.36395E+12,64773504,438.807,115.434,4.436,144.492,52,29.3,166.511,1.39
1105,41,2015,2.41578E+12,65224368,422.461,91.548,4.641,147.899,51.49,29.19,170.773,0.81
1106,41,2016,2.46006E+12,65655204,399.43,47.825,4.559,165.742,53.07,28.93,173.93,1.01
1107,41,2017,2.5066E+12,66064808,387.367,39.129,4.301,161.697,52.8,29.19,174.851,1.49
1108,42,1990,9.25038E+12,248083728,5120.957,1814.521,46.339,1023.151,673.88,239.74,2178.912,0.55
1109,42,1991,9.2435E+12,251560192,5062.957,1797.739,45.348,1042.997,675.93,238.78,2119.828,0.66
1110,42,1992,9.57215E+12,255175328,5174.228,1819.076,45.015,1081.595,679.03,243.25,2171.389,0.18
1111,42,1993,9.83494E+12,258779760,5272.851,1880.75,44.013,1110.157,671.94,246.39,2179.57,0.17
1112,42,1994,1.0232E+13,262273584,5364.279,1894.587,44.409,1137.466,684.61,253.52,2226.839,0.41
1113,42,1995,1.05103E+13,265660560,5425.259,1913.488,42.757,1186.277,682.64,255.78,2218.052,0.46
1114,42,1996,1.09092E+13,268984352,5612.983,1993.662,41.299,1206.218,681.39,262.89,2305.573,-0.23
1115,42,1997,1.13988E+13,272395424,5688.142,2039.02,41.419,1213.878,671.83,256.15,2326.319,0.37
1116,42,1998,1.1906E+13,275835008,5733.281,2063.092,39.022,1191.005,660.22,253.39,2370.752,1.32
1117,42,1999,1.24638E+13,279181568,5803.918,2063.44,38.8,1197.99,648,251.84,2433.326,0.59
1118,42,2000,1.29738E+13,282398560,6010.136,2163.759,38.915,1251.263,644.08,250.7,2487.797,0.77
1119,42,2001,1.31005E+13,285470496,5907.74,2099.619,38.696,1198.819,636.64,244.76,2502.393,0.94
1120,42,2002,1.33345E+13,288350240,5946.308,2103.791,38.893,1237.949,630,246.4,2495.597,0.95
1121,42,2003,1.37088E+13,291109824,6010.146,2143.993,38.567,1201.023,630.12,255.03,2557.467,0.94
1122,42,2004,1.42279E+13,293947872,6112.655,2164.773,39.12,1204.496,628.78,253,2630.825,0.8
1123,42,2005,1.47037E+13,296842656,6132.183,2188.244,39.43,1186.858,629.14,255.72,2642.692,1.03
1124,42,2006,1.50959E+13,299753088,6052.686,2152.459,40.037,1173.211,630.36,263.82,2609.708,1.07
1125,42,2007,1.53645E+13,302743392,6130.123,2175.189,40.463,1247.391,636.64,268,2592.216,0.94
1126,42,2008,1.53197E+13,305694912,5915.119,2135.724,42.054,1252.781,645,250.3,2414.708,0.05
1127,42,2009,1.48943E+13,308512032,5480.726,1872.449,41.082,1231.607,635.32,249.19,2280.345,0.27
1128,42,2010,1.52706E+13,311182848,5679.715,1982.954,43.407,1290.495,653.3,256.66,2300.574,0.68
1129,42,2011,1.55093E+13,313876608,5546.116,1873.284,47.863,1310.707,659.04,264.28,2252.414,0.62
1130,42,2012,1.58496E+13,316651328,5344.086,1658.491,51.515,1372.072,671.09,256.03,2196.025,1.29
1131,42,2013,1.61084E+13,319375168,5480.157,1720.408,57.423,1410.482,674.34,258.22,2224.627,0.3
1132,42,2014,1.64827E+13,322033952,5528.681,1710.594,63.124,1435.209,699.9,259.33,2247.931,0.68
1133,42,2015,1.69026E+13,324607776,5376.473,1479.145,64.372,1476.136,702.68,259.86,2285.676,1.5
1134,42,2017,1.75963E+13,329791232,5212.162,1308.716,59.486,1460.656,701.26,264.58,2315.177,1.71
